Date,India,Punjab,Haryana,Rajasthan,Delhi,UP
01-04-2017,3449.2,127.7,121.1,180,83.1,314.9
02-04-2017,3303.8,115.3,105.3,178.6,79.5,301.1
03-04-2017,3421.6,120.6,118.6,179.3,87.2,313.2
04-04-2017,3419,109.5,116.6,173,84.7,313.2
05-04-2017,3362.1,95,90.8,174.8,82.3,279.7
06-04-2017,3375.2,83.8,103.3,173,82.9,303.1
07-04-2017,3450.5,101,114.8,201.5,82.9,325.6
08-04-2017,3368.3,103.7,110.7,167.2,76,298.3
09-04-2017,3255.3,96,98.4,162.1,69.5,286.2
10-04-2017,3320.1,94.5,100.9,164.8,75,259
11-04-2017,3507.5,103.5,110.3,172,78.5,278
12-04-2017,3455.6,110.1,113.3,179.5,83.7,309.7
13-04-2017,3510.2,111.3,118.7,179.1,86.7,324.9
14-04-2017,3489.9,120.4,120.2,186.9,88,322.2
15-04-2017,3478.9,120.4,120.2,186.9,88,322.2
16-04-2017,3363.8,115.4,113.3,189.3,87.8,318.4
17-04-2017,3505.5,120.7,124.1,189.9,99.1,335.9
18-04-2017,3573.4,122.5,132.6,193.4,102.8,348.5
19-04-2017,3578.8,129.1,134,197,104.5,352.9
20-04-2017,3566.3,135.6,135.4,201.5,109.5,359.1
21-04-2017,3568.7,136.7,139.5,196.8,114.6,350.9
22-04-2017,3469.7,109.7,127.8,200.1,109.7,342.6
23-04-2017,3342,103,127.7,194.9,93.8,324.5
24-04-2017,3410.4,105.4,128.9,179.4,101.4,301.1
25-04-2017,3517.2,121,136.6,186.5,100.8,315.9
26-04-2017,3479.1,127.7,134.7,176.9,98.7,328.5
27-04-2017,3488.8,128.5,133.9,184.7,99,328.7
28-04-2017,3512,135.8,139,182.7,99.4,335.3
29-04-2017,3462.1,140.9,140.3,181.8,95.5,332.6
30-04-2017,3284,124.2,119.6,186.1,89.5,330.2
01-05-2017,3225.7,131.8,140.1,191.5,94.2,318.1
02-05-2017,3427.6,139.3,145.3,191.1,99.1,349.6
03-05-2017,3463.2,135.6,141.1,174.9,100.1,344.3
04-05-2017,3499.5,141,141.6,198,100.5,332.4
05-05-2017,3581,150.6,151.4,204.1,104.6,355.8
06-05-2017,3535.9,152.8,153.9,202.2,104,354.2
07-05-2017,3363.4,155.5,150.8,194.4,103.1,367.8
08-05-2017,3492.1,163.8,157.7,195.2,115.2,370.3
09-05-2017,3443.6,163.3,158.7,201.3,116,316.6
10-05-2017,3443.8,165.4,150.1,200.9,112.7,346.2
11-05-2017,3521.6,161.7,148.9,204.3,113.7,362.9
12-05-2017,3572.5,166.5,162,205.9,116.4,373.3
13-05-2017,3576.6,175.9,162.6,217.5,113.8,377.9
14-05-2017,3443.4,166.5,155.1,211.5,109.9,360.3
15-05-2017,3576.5,173.5,163.8,225.9,120.2,372.2
16-05-2017,3574.4,156.6,158.7,208.2,122.8,382
17-05-2017,3525,161.8,157.9,193.2,115.1,347.2
18-05-2017,3526,163.4,160.9,195.5,117.1,351.3
19-05-2017,3543,168.1,156.4,194.6,114.9,360.7
20-05-2017,3506.3,151.7,149.4,192.5,107.4,369.5
21-05-2017,3338.7,150.3,135.5,179.8,98,346
22-05-2017,3387.4,147.9,130.8,172.5,93.1,337.3
23-05-2017,3471.7,155.9,139.8,199,97.9,350.5
24-05-2017,3556.8,161.6,148,194.7,110.3,371.1
25-05-2017,3600.4,167.4,156.2,200,116,387.3
26-05-2017,3588.1,174.8,157.9,219.4,122.2,368.2
27-05-2017,3430.6,175,158.9,221.7,116.8,315.6
28-05-2017,3302.5,159,141.8,216.5,104.4,332.8
29-05-2017,3279.4,146.9,122.4,182.3,103.9,306.1
30-05-2017,3377.4,161.4,142.1,201.8,106.4,328.6
31-05-2017,3381.4,135.3,132.4,186.1,101.9,349.6
01-06-2017,3415.6,146.2,138.4,172.2,103.9,354.9
02-06-2017,2972.3,154.2,146,193.3,109.7,359.8
03-06-2017,3009.7,159.6,148.4,202.6,113,372.8
04-06-2017,3385.3,161.9,147.7,209.2,114.3,375.2
05-06-2017,3527.8,171.3,155.5,216.5,128.4,386
06-06-2017,3490.5,177,165.3,226,133.9,369.1
07-06-2017,3271.1,130.2,139.5,218.7,117.2,334.7
08-06-2017,3284.4,141.8,144.9,196.2,112.5,357.1
09-06-2017,3285,138.3,149.7,187.3,113.2,362.4
10-06-2017,3231.6,137.7,145.6,197.3,109.6,369.6
11-06-2017,3105.7,124.1,117.9,185.4,99.8,359.8
12-06-2017,3282.2,153.9,152.7,197.2,113.1,369
13-06-2017,3361.4,164.7,162.2,201.9,118.6,383
14-06-2017,3436.2,175.7,161.5,203.2,119.3,379
15-06-2017,3422.6,207.2,165.7,186.2,118.1,367.2
16-06-2017,3369.1,213.9,143.4,201,106.5,358.4
17-06-2017,3403.1,220,156.7,203.5,99.3,361.7
18-06-2017,3380.2,217.5,149.3,200.8,99.3,383.9
19-06-2017,3407.5,194.8,147.6,205.2,109.7,369.5
20-06-2017,3296.6,164.2,139,210.2,95.9,339.3
21-06-2017,3296.2,175,149,176.6,96.5,340.1
22-06-2017,3351.6,186.1,162,167.8,100.1,351.8
23-06-2017,3401.3,198.1,172.1,176.3,105.1,372.5
24-06-2017,3392.6,224.6,180.9,183.2,108.9,377
25-06-2017,3287.8,231,173.3,195.3,109.9,379.7
26-06-2017,3342.8,236.8,181,197.5,118.2,384.5
27-06-2017,3358,240.7,191.5,184.5,126.5,370
28-06-2017,3219.9,194.7,141.5,160.1,113,369.4
29-06-2017,3088.9,141,119.4,151.8,99.2,325.3
30-06-2017,3125.8,151.7,125.3,157.6,98.2,336.5
01-07-2017,3116.2,183,133.2,153.6,97.4,336.6
02-07-2017,3000.3,204.8,134.5,149.5,90.4,304.4
03-07-2017,3179.3,211.9,158.5,152.8,104.2,326.6
04-07-2017,3248.4,220.4,176.5,158.5,113.7,322.5
05-07-2017,3287,219.9,177.9,175,120.6,297.9
06-07-2017,3324.1,208.8,189.1,185.4,112.5,300.8
07-07-2017,3368,213.5,181.5,196.8,111.7,315.5
08-07-2017,3442.8,237.6,184.4,199.9,107.8,344.8
09-07-2017,3393.2,245.1,183.8,204.3,111.5,356.9
10-07-2017,3456.9,261.8,196.4,190.7,122,328.9
11-07-2017,3421.6,247.6,190.9,214.5,117.1,309.1
12-07-2017,3326.8,201.2,178.5,210,107.1,309.5
13-07-2017,3331.5,208,184.7,193.6,109.2,335.4
14-07-2017,3353.5,232.1,193.8,179.2,114.3,363.2
15-07-2017,3354,235.7,197.4,185.8,111.6,369.3
16-07-2017,3241.8,241.3,188.2,180.7,101,370.3
17-07-2017,3342.4,239.3,193.1,189,112.1,366.6
18-07-2017,3318.8,224.8,191.5,183.7,114.5,356.1
19-07-2017,3333.5,237.8,200.3,184.9,121.9,360
20-07-2017,3306.7,235.1,185.7,184.2,114.6,366.8
21-07-2017,3373,238.7,195.4,179,116.4,362.6
22-07-2017,3329.5,242.6,192.9,169.6,109.2,344.5
23-07-2017,3216.4,236.1,177,154.4,99.5,349.4
24-07-2017,3252.9,228.4,178.4,155,104.9,336.7
25-07-2017,3328,240.1,186,158.2,104.4,350.9
26-07-2017,3377.7,253.8,190.9,168,107.3,337.3
27-07-2017,3412.1,247.5,197.2,181.3,111.9,324.4
28-07-2017,3456.6,243.9,201.9,182.6,113.5,347
29-07-2017,3464.2,239.2,200.4,166.5,108.3,363.9
30-07-2017,3342.3,223.5,188.8,158.2,102.5,356.8
31-07-2017,3427.9,215.7,171.7,161.9,106.5,362
01-08-2017,3365.6,175.9,161.4,161.9,103.4,352.4
02-08-2017,3381.3,164.6,149.8,169.9,103.6,362.4
03-08-2017,3409.1,189.5,155.9,173.3,107.4,346.5
04-08-2017,3456.7,202.2,162.9,184.4,109,367.8
05-08-2017,3496.3,216.1,174.2,190.2,107.4,371.4
06-08-2017,3439.7,221.3,169.6,192.7,106.6,367.8
07-08-2017,3406.7,227.7,158.6,186.4,103.5,352.6
08-08-2017,3473,228.1,165.6,185,109.8,353.1
09-08-2017,3482.2,227.6,171.3,186.2,110.7,360.5
10-08-2017,3461.2,231.4,174.3,189.4,112.7,348.7
11-08-2017,3511.3,238.2,184.2,192.5,114.2,347.9
12-08-2017,3445.2,241.1,184.4,193.4,108.2,349.7
13-08-2017,3345.5,238.1,181.4,196.4,103.4,350.6
14-08-2017,3416.3,227.9,183.8,197.8,110.6,361.3
15-08-2017,3296.7,231.5,179.7,202.8,97.5,375.3
16-08-2017,3430.1,240.9,189.5,212.4,115.7,374
17-08-2017,3618.4,249.9,202,221.3,121.5,375.8
18-08-2017,3642.6,249.6,205.6,229.5,124.5,388
19-08-2017,3491.7,235.5,193.4,228.5,112.9,365.3
20-08-2017,3272.5,209.9,180.9,216.1,104.9,365.1
21-08-2017,3368.9,207.5,186.2,223.5,116.6,364.6
22-08-2017,3444.7,213.9,184,228.3,117.5,373.1
23-08-2017,3443.3,216.4,175.2,219.9,112.3,365.1
24-08-2017,3466.9,216.8,175.4,209.4,111.4,372.5
25-08-2017,3306.4,190,174,194.2,106.2,367
26-08-2017,3289.7,191.1,161.1,192.2,103.4,361.6
27-08-2017,3228.1,204.2,169,194,98.5,346.2
28-08-2017,3280.5,211.5,175.3,196.4,106,340
29-08-2017,3234.9,194.7,172.9,193,112.2,343
30-08-2017,3266.8,181.5,171.4,185.1,110.5,357.8
31-08-2017,3288,180.2,162.3,178.8,104.1,348.7
01-09-2017,3186.4,147.1,141.8,168.4,98.7,321.1
02-09-2017,3159.9,134.1,121,176.2,90.2,340.8
03-09-2017,3111.3,141,125.4,176.4,89.5,340.4
04-09-2017,3309.2,154.6,141.2,188.5,104.2,353
05-09-2017,3360.5,161.2,147.3,192.8,105.1,373
06-09-2017,3407.4,175.3,156.2,198.6,108,376.8
07-09-2017,3435.4,193.4,149.3,200.3,103.1,367.1
08-09-2017,3445.4,189,155.5,206.9,106.8,376.1
09-09-2017,3487.7,204.9,164.4,213,105.3,379.8
10-09-2017,3451,226,164.4,211.7,104.5,383.5
11-09-2017,3543.7,218.6,170.6,212.4,113.3,383.1
12-09-2017,3553.3,213.9,178.5,199.7,112,377.9
13-09-2017,3563.7,213.4,181.8,198.9,115.5,384.8
14-09-2017,3536.1,210,186.5,197.7,117.3,372.4
15-09-2017,3527.4,211.9,187.4,189.9,115.8,389.6
16-09-2017,3504.6,209.3,181.2,200.1,106.7,401.4
17-09-2017,3288.6,201.4,162.1,199.8,98.1,397.5
18-09-2017,3348.5,206.7,168.7,199.7,107.3,399.1
19-09-2017,3425.9,189.3,177.9,215.5,108.4,381.8
20-09-2017,3483.8,199.8,179.8,204.5,108.6,392.3
21-09-2017,3465.3,192.6,179.4,215.9,109.4,369.8
22-09-2017,3370.3,206.2,154.8,203.8,98.2,296.8
23-09-2017,3294.9,171.3,113.1,198.6,83.4,282
24-09-2017,3300.3,166.3,118.7,200.6,77.3,311.6
25-09-2017,3389.2,177.2,131.3,201.6,89.9,330.6
26-09-2017,3432.1,182.1,142.2,202,97.1,341.4
27-09-2017,3436.6,167.9,142.9,204.2,92,355
28-09-2017,3410.7,185.7,146.2,192.2,100.7,353.4
29-09-2017,3325.1,179.8,151.1,205.4,101.1,352.6
30-09-2017,3203.3,181.2,139.5,205.8,86.7,367.4
01-10-2017,3158.4,167.3,135.5,196.2,84.6,351.9
02-10-2017,3190,172.4,139.4,199.3,79.7,346.4
03-10-2017,3335.6,157.4,148,196.4,94.3,353
04-10-2017,3406.6,167,150.9,199.6,98.1,343.2
05-10-2017,3438.8,172.5,158.2,204.8,98.6,352.8
06-10-2017,3441.6,169.7,158.9,202.4,97.7,351.8
07-10-2017,3437.7,174.2,154.3,202.4,92.5,358.3
08-10-2017,3313.8,164.6,148.4,200.9,89.5,359
09-10-2017,3375.8,164.8,151.7,197.7,95.8,370.1
10-10-2017,3373.6,166.7,153.9,202.8,96.4,370.9
11-10-2017,3358.2,158.7,155,205.1,95.7,355.3
12-10-2017,3348,151.5,151.1,204.5,96.2,338.9
13-10-2017,3356.8,144.3,147.5,201.4,93.8,347.5
14-10-2017,3337.6,146.1,148.2,203.7,87.4,350.5
15-10-2017,3240,134.7,141.4,199.3,82,349.5
16-10-2017,3288.6,134.1,147.3,200.3,88,324
17-10-2017,3325.3,130.4,154.7,190.5,87,359.8
18-10-2017,3258.6,131,145.1,195.4,82.8,363.2
19-10-2017,3080,117,123.3,185,72,363.1
20-10-2017,2969.2,122.7,117.1,176.4,73.2,339.5
21-10-2017,2981.6,118.3,120.6,188.3,73.2,305.8
22-10-2017,3029.5,120,122.9,184.6,71.5,311.1
23-10-2017,3195.1,112.7,128.8,190.4,78.7,309.2
24-10-2017,3228.9,110.7,130.2,191.2,77.2,312.2
25-10-2017,3274.3,112.3,125.2,197.9,74.6,307.7
26-10-2017,3259.6,107,125,199.1,71.8,305.5
27-10-2017,3251.7,106.9,125.3,200.6,72.6,298.1
28-10-2017,3233.5,109.9,124.2,202.8,83.6,293.2
29-10-2017,3127.3,104.2,114.8,195.2,65.6,286.2
30-10-2017,3169.2,101.5,117.9,196.3,69.9,286.1
31-10-2017,3168.2,102.8,118.6,199.6,69,285.5
01-11-2017,3124.6,104.2,116.8,197.2,68.5,277.7
02-11-2017,3150.1,103.6,119.9,204.3,69.1,282.8
03-11-2017,3166.3,96.8,117.9,208.9,69,284.6
04-11-2017,3143.1,94.3,116.6,207.7,64.7,287.7
05-11-2017,3033.5,97.9,107.5,204,61.8,282.2
06-11-2017,3132,92.9,113,208.5,66,281.9
07-11-2017,3144.8,80.5,114.4,207.2,66.4,283.6
08-11-2017,3189.1,93,112.4,208.8,65.7,281.7
09-11-2017,3218,101.1,113.4,213.4,64.1,275.6
10-11-2017,3212.4,102.1,113.9,210.2,64.5,277.7
11-11-2017,3166.1,101.1,110.7,208.8,60.2,277
12-11-2017,3083.8,109.2,94.1,202.5,57.4,273.5
13-11-2017,3132,108.1,101.2,201,62.1,271
14-11-2017,3165,94.4,105.2,203.1,62.8,270.1
15-11-2017,3148.4,86.6,108.5,203.6,62.3,271.7
16-11-2017,3182.7,90.1,105.1,207.4,63.1,276.3
17-11-2017,3211.3,93.1,112.2,200,64.7,276.8
18-11-2017,3183.9,91.6,110.8,192.6,60.3,273.4
19-11-2017,3072.7,85.1,95.2,189.4,57.2,270.9
20-11-2017,3137.4,89,100.7,190,60.6,265
21-11-2017,3158.7,91.1,107.1,194.6,56,269.7
22-11-2017,3171,94.3,109.2,195.1,59.9,270.1
23-11-2017,3169.2,94.8,110.3,200.2,61.1,266.3
24-11-2017,3180.8,96,111.9,198.7,61.5,265.1
25-11-2017,3155.9,96.3,119.4,203.5,58.6,267.6
26-11-2017,3039.2,95.2,111,201.4,56.8,262.3
27-11-2017,3099.6,95.6,100.9,202,60.3,264.1
28-11-2017,3149.5,100.8,109.5,204,60.2,269.5
29-11-2017,3149.6,101.6,117.8,199.5,61.6,268.2
30-11-2017,3098.5,103.3,117.2,204.3,62.3,264.4
01-12-2017,3061.5,101.8,116.7,199.1,62.1,269.6
02-12-2017,3065.9,103.5,117.6,201.7,58.3,277.4
03-12-2017,2956.8,96.4,109,200.4,58,258.7
04-12-2017,3045.9,100.2,112.5,197.2,60.3,263.8
05-12-2017,3006.4,102.1,114.1,191.2,62.2,262.8
06-12-2017,3004.3,103.2,115.6,181.7,62.9,263.5
07-12-2017,3079.9,103.6,117,193.1,61.6,260.3
08-12-2017,3167.9,105.9,118,196.7,62.3,271.2
09-12-2017,3113.7,103.2,116.9,196.9,60,263.4
10-12-2017,3046.9,94.6,109.2,203.8,56,270.2
11-12-2017,3098.5,88.4,103.2,190.9,60.8,267.1
12-12-2017,3067.7,88.4,90.9,189.2,61.8,249.7
13-12-2017,3176,92.4,109.5,199.7,63.9,268.9
14-12-2017,3182,94.4,108.8,199.9,64.5,270.9
15-12-2017,3184.8,91.8,114.4,198,66.6,272.9
16-12-2017,3168.6,95.9,116.7,193.8,63.6,288
17-12-2017,3100.1,88.9,111.8,196.4,61.5,292.3
18-12-2017,3171.8,94.2,117.6,198.4,65.1,283.4
19-12-2017,3194.4,98.3,123.2,204.4,65.4,287.5
20-12-2017,3217,102.9,125.2,207.1,66.6,293.4
21-12-2017,3228.8,102.7,125.8,208.9,65.9,292.6
22-12-2017,3238,104.5,125.9,206.1,66.8,295.4
23-12-2017,3206.8,100.5,125.9,208.3,62.2,289
24-12-2017,3115.7,101.6,117.7,206.7,59.8,285.6
25-12-2017,3164.4,103.3,123.2,209.6,61.9,282.1
26-12-2017,3238,109.1,125.2,217.4,64.5,291.8
27-12-2017,3241.7,108.8,125.2,214.3,65.6,290.3
28-12-2017,3230.2,107.8,123.2,214.7,65.5,291.6
29-12-2017,3232.4,107.6,124.1,212.4,65.8,287.9
30-12-2017,3223.6,108.7,123.3,209.9,62.1,281.9
31-12-2017,3115.9,103.6,112.6,204.3,60.1,274
01-01-2018,3122.5,105.4,109.4,202.8,63.7,281.9
02-01-2018,3208.8,98.4,116.9,206.1,65.7,289
03-01-2018,3297.8,109.4,122.3,207.5,68,295.4
04-01-2018,3261.1,107.6,122.6,214.6,67.5,289.8
05-01-2018,3273.1,108,125.1,212.4,72,292.6
06-01-2018,3248.2,104,123.4,211.7,66.7,301.5
07-01-2018,3143,100.3,108.8,209.8,64.6,299
08-01-2018,3251.9,105.4,123.3,209.3,68.6,305.3
09-01-2018,3303.8,108.2,128.5,211.5,68.9,310.5
10-01-2018,3312.5,108.7,129.9,216.9,69.3,309.9
11-01-2018,3317.4,105.6,127.1,217.5,68.5,307.9
12-01-2018,3355.5,105.9,125.3,219.7,69.3,309.2
13-01-2018,3333.7,102.5,126.4,213,63.5,310.6
14-01-2018,3121.7,94,116.2,206.2,61.7,301.5
15-01-2018,3167,102.8,126,207.6,65.5,300.8
16-01-2018,3243.8,106.5,125.6,187.4,65.5,306
17-01-2018,3304.6,108.3,125.9,213.5,68.1,306.9
18-01-2018,3315.4,107.2,123.4,213.9,67.3,299.4
19-01-2018,3306.8,113.1,124.7,214.5,66.8,302.8
20-01-2018,3307,109.4,126.5,212.7,64.3,301.5
21-01-2018,3190.4,103.3,116.8,211.6,62,294.1
22-01-2018,3281.6,111.4,123.1,207.1,65,300.1
23-01-2018,3258.2,100.4,111.8,209.5,65.3,277.6
24-01-2018,3233.4,100.6,111.6,211.3,68.6,267.6
25-01-2018,3250.5,96.9,115.6,214.8,68.2,291.1
26-01-2018,3104.6,94.8,103.7,212.7,57.7,282.7
27-01-2018,3191,101.9,111.4,213.5,65.1,288.9
28-01-2018,3151.2,93.4,109.3,212.7,63.2,287.9
29-01-2018,3242.5,101.2,115.5,209.1,67.4,295.9
30-01-2018,3269.5,101.5,117.9,215.3,66.5,288.4
31-01-2018,3276.7,106.1,118.5,214.1,66.5,288.8
01-02-2018,3274.1,105.8,121.5,208.2,64.8,296.1
02-02-2018,3291.4,108.2,122.1,208.4,64.8,295.7
03-02-2018,3286.1,109.2,125,213.3,61,293.3
04-02-2018,3170.9,104.7,118.5,208.8,59.7,291.5
05-02-2018,3258.1,109,123.4,211.7,63.8,293.4
06-02-2018,3308,110.4,123.9,210.5,63.8,300.4
07-02-2018,3301.8,111,125.7,206.2,65.2,298.9
08-02-2018,3289.7,118.5,129,203.4,65.5,297.9
09-02-2018,3319.2,128.1,130.7,208.1,66.5,298.1
10-02-2018,3309,129.8,129.4,208.7,62.2,299.1
11-02-2018,3092.9,111,118.4,205.4,60.6,274.4
12-02-2018,3103.7,86,103.5,218.4,63.7,255.4
13-02-2018,3156.9,96.3,116.2,206.2,63.7,257.7
14-02-2018,3177,106.4,119.2,208.6,64,266.3
15-02-2018,3236.2,107.6,119.7,202.4,63.1,274.4
16-02-2018,3289.4,109.9,122.5,209.3,64.8,283.9
17-02-2018,3281.5,111.2,119.9,210.3,60.7,281.8
18-02-2018,3188.9,105.5,111.8,208.3,58.4,274.5
19-02-2018,3280.1,109.4,118.3,198.9,61.1,283.1
20-02-2018,3350.4,112.7,121.3,206.7,61.7,288.2
21-02-2018,3354.3,109.6,120.4,204.7,61.8,291.7
22-02-2018,3383.5,121.4,120.5,209.4,62.4,281.7
23-02-2018,3388.8,116.5,122,209.2,63.9,278.9
24-02-2018,3358.9,99.2,119.7,210,60.7,288.3
25-02-2018,3311.2,103.8,112.6,200.7,58.1,284.1
26-02-2018,3393.3,126.1,128.2,187.4,67.6,300.1
27-02-2018,3449.8,122.5,130.4,182.9,69.7,306
28-02-2018,3448.9,102.6,117.7,181.5,70.3,299.2
01-03-2018,3479.7,103.5,119,185.6,69.8,297.4
02-03-2018,3523,116.5,124,184.9,76.1,303.2
03-03-2018,3519.8,116.9,124.8,183.5,66.7,300
04-03-2018,3391.3,114.4,118.5,175.6,62.9,292.3
05-03-2018,3462,131.7,135.1,196.5,65.5,296
06-03-2018,3502.4,136.2,137.1,199.9,67.2,288.4
07-03-2018,3500.9,137.1,133.1,195.5,68.9,287.1
08-03-2018,3489.2,132.4,131.2,195.1,69.7,293.9
09-03-2018,3429,130.7,134.8,193.7,69.9,298.2
10-03-2018,3316.8,128.1,133.5,186.5,65.3,298.2
11-03-2018,3235.2,123.2,120.5,176,61.9,293.3
12-03-2018,3362.2,119.1,122.3,186.8,60.7,270.4
13-03-2018,3422.9,125.5,126.5,194.1,61.9,274.8
14-03-2018,3443.9,125.9,129.2,205.4,62.8,282.6
15-03-2018,3461.2,127.6,123.4,209.8,64.1,276.2
16-03-2018,3458.8,126.3,128.4,208.4,65.2,272.2
17-03-2018,3437.5,133,128.5,204.1,61.2,269.3
18-03-2018,3350.7,130.9,130,198.3,59.9,289.7
19-03-2018,3361.7,115.6,121.7,206.2,61.2,288.8
20-03-2018,3428.3,118,124.8,206.5,65.2,295.5
21-03-2018,3460.1,116.1,125.2,210.5,63.4,300.3
22-03-2018,3426.3,121.3,123.8,203.7,59.6,307.7
23-03-2018,3123.6,91.2,101.2,181.1,46.1,301.6
24-03-2018,3194.3,94.6,103.7,184.3,53.2,269.3
25-03-2018,3297.2,107,108.8,186.3,55.6,270
26-03-2018,3522.1,122.6,120.1,180,70.5,296.9
27-03-2018,3563.8,127,120,179.3,73.4,293.1
28-03-2018,3597.2,127.9,122.8,180.6,75,305.7
29-03-2018,3594.8,126,121.1,177.1,74.5,300.6
30-03-2018,3516.9,127.9,119.2,173.8,75.5,285.1
31-03-2018,3419.1,117,115.8,174.9,73.7,262.3
01-04-2018,3343.7,119.3,155.9,183,79,305.4
02-04-2018,3350.3,119.3,113.8,183,79,305.4
03-04-2018,3494.8,123.9,116.2,184.1,83,310.6
04-04-2018,3557,128.6,119.8,187.1,87.8,314.8
05-04-2018,3547.3,124.8,119.5,188.9,89.9,310.9
06-04-2018,3505.1,122.5,104.8,179.1,85.9,296.2
07-04-2018,3390.4,121.3,104.4,178.3,75.4,266.2
08-04-2018,3269.6,114.3,101.5,181,77.8,278.3
09-04-2018,3361.5,105.3,102.4,182.2,79.8,267
10-04-2018,3449.8,117,117.2,185,82,262.1
11-04-2018,3379.6,100.6,106.1,176.4,80.9,253.6
12-04-2018,3374.5,107.4,102.6,171.1,78.3,245.1
13-04-2018,3469.2,108.6,111.9,179.5,80.1,282.2
14-04-2018,3469.1,106.5,112.7,188.1,77.4,284.3
15-04-2018,3363.2,109.9,104.7,180.5,78.6,293.7
16-04-2018,3526.3,112.7,114.4,184.9,87.8,311.1
17-04-2018,3586,115.6,120.6,185.3,90.2,325.9
18-04-2018,3572.6,120.3,123.2,192,91.8,310.9
19-04-2018,3649.6,124.7,127.8,198.8,95,327.9
20-04-2018,3576.3,105.4,114.9,183.7,94.9,326.4
21-04-2018,3592.8,109.5,125.4,194.6,88.3,333.7
22-04-2018,3441.9,107.7,115.1,187.7,79.5,312.2
23-04-2018,3582.2,117.4,123.8,192.2,85.8,324.2
24-04-2018,3616.8,124.8,127.1,197.6,89.6,332.5
25-04-2018,3642.4,130.1,132.7,201.9,94,349.9
26-04-2018,3650.9,136.7,137.5,210.1,99.2,347.6
27-04-2018,3674.8,141.9,143.7,208.2,103.9,344.6
28-04-2018,3682.4,142.5,144.1,209.6,105.5,357.7
29-04-2018,3542.3,138.4,140.2,205.2,97.8,347
30-04-2018,3523.6,145.7,145.7,209.2,102.3,294.3
01-05-2018,3428,147.8,150.6,208.8,104.3,333.3
02-05-2018,3477.2,133.3,133.2,201.6,100,320.6
03-05-2018,3330,128.4,122.6,196.1,93.7,252.2
04-05-2018,3479,137.7,138.7,207.9,97.6,318
05-05-2018,3610,148.7,140.7,210.9,98.7,345.7
06-05-2018,3483.4,129.1,133.2,206.2,95.2,329.1
07-05-2018,3627.8,128.3,138.5,203.8,102.7,363.8
08-05-2018,3582.8,135.3,112.1,191.2,97.1,334.9
09-05-2018,3579.3,141.1,130.6,204.7,95.5,331.4
10-05-2018,3606.3,151.1,139.8,208.1,97.2,340.1
11-05-2018,3653,158,145.5,227.2,105.5,365.6
12-05-2018,3620.2,149.1,149.2,222.7,108.7,373.9
13-05-2018,3396.6,130.9,122.6,217.5,100.3,327.6
14-05-2018,3369.9,150.1,122.8,220.1,98,255.7
15-05-2018,3564.3,155.8,139.1,222.1,105.9,336.1
16-05-2018,3574.1,157.8,126,218.1,103.2,349.1
17-05-2018,3662.9,163,145.3,222.9,108.5,378.6
18-05-2018,3684.6,169,156,220,110.4,382.1
19-05-2018,3680.2,164.8,139,221.6,108.8,386.4
20-05-2018,3591.2,164.4,144.7,221.1,103.7,380
21-05-2018,3753.8,172.9,145.2,225.1,111.3,398.5
22-05-2018,3825.4,178.7,161.2,232.5,116.6,413.2
23-05-2018,3829.8,183.4,165.4,229.3,121.6,421.7
24-05-2018,3832.1,183.5,168.5,236,123.1,420.6
25-05-2018,3805,186.5,170.3,234.7,119.7,400.9
26-05-2018,3782.7,187.5,163,230.3,116.5,406.4
27-05-2018,3729.8,181.9,161.2,234.8,113,425.4
28-05-2018,3829,188.7,167.5,231.3,125.1,423.4
29-05-2018,3843.2,189.2,180.9,242.6,128.4,403.5
30-05-2018,3844.3,189.6,174.2,230.2,128.5,382.2
31-05-2018,3862.2,193.2,180.2,232.2,129.8,400.9
01-06-2018,3727.1,177.6,161.1,244.9,130.3,380.9
02-06-2018,3514.7,164.1,143.5,242.6,118.3,302.2
03-06-2018,3500,176.8,160.2,242.4,111.8,359.5
04-06-2018,3737.7,190.8,171.6,257.7,127.8,400.2
05-06-2018,3784.3,179.7,181.4,252.6,134.1,411.9
06-06-2018,3680.3,139.5,160.3,236.1,129.5,393.9
07-06-2018,3712.7,173,177.3,246.4,131,405.5
08-06-2018,3700.1,185,181.9,244.4,137.4,399.1
09-06-2018,3499.9,156.5,148.5,224.2,122.1,388.1
10-06-2018,3366.2,158.5,133.3,211.8,110.4,377.9
11-06-2018,3582,174.3,161.5,220.2,126.4,408.5
12-06-2018,3645.8,181.7,179.1,224.4,135.5,419.5
13-06-2018,3676.8,188.5,185,218.7,137.9,394.1
14-06-2018,3733.7,194.5,187.4,219,134.9,389.7
15-06-2018,3798.8,192.8,189.9,222.1,132.4,412.6
16-06-2018,3744,163.6,181,231.1,124.7,433.9
17-06-2018,3495,136.1,148,230.9,113.1,370
18-06-2018,3653.9,153.7,166.9,218.9,117.8,381.7
19-06-2018,3757,175,170.1,226.4,118.7,390.7
20-06-2018,3857.5,229.2,191,225.6,126.6,405.5
21-06-2018,3861.8,241.6,193.2,225.7,132.5,411.3
22-06-2018,3883.9,247.2,200.4,238.1,135.2,428.4
23-06-2018,3821.3,252.4,213.5,225.9,133,437.9
24-06-2018,3670.9,251.7,204.4,227.1,126.1,432.4
25-06-2018,3770.5,268.7,213.5,219.9,136.3,431.6
26-06-2018,3714.5,269.4,205.4,204.6,130.4,409.6
27-06-2018,3583.7,242.5,190.1,184.3,122.2,364.4
28-06-2018,3399.1,192.6,145.8,170.3,114.3,319.9
29-06-2018,3449.4,181.1,155.8,156.2,114.9,365.5
30-06-2018,3540.4,206.4,178.4,160.3,113.1,394.9
01-07-2018,3466.7,226,178.5,169,113.2,373.3
02-07-2018,3570,233.8,186,188.2,119.9,351.6
03-07-2018,3496.1,193.3,188,206.8,117.3,352.4
04-07-2018,3483,156.7,170.3,209.6,120.3,359.1
05-07-2018,3597.7,183.5,182.3,217.4,122,387.8
06-07-2018,3686.5,216.5,195.8,218.7,123.9,398.3
07-07-2018,3738,254.3,208.2,231.4,124.7,412.2
08-07-2018,3644.4,261.7,204.2,233.1,123.3,424.5
09-07-2018,3749.5,270.4,216.5,239.6,139,422.6
10-07-2018,3804.5,277.1,218.9,238.4,139.7,428.4
11-07-2018,3719.6,262.2,221.5,229,135.5,424
12-07-2018,3643,263.5,218.4,218.2,130.9,391.2
13-07-2018,3562.3,225.5,196.2,227.3,120.7,379.8
14-07-2018,3481,238.7,187.2,196.3,109.4,351.4
15-07-2018,3424.7,246.8,190,185.2,109.5,382.3
16-07-2018,3507.1,234,195.6,189.5,119.2,413.8
17-07-2018,3513.1,222.8,192.9,185.8,122.9,412.6
18-07-2018,3609.2,227.7,192.2,186.3,127.9,425.4
19-07-2018,3653.5,237.6,187.8,172.3,128.6,420.8
20-07-2018,3638.7,246.3,191.5,171.4,123,406.2
21-07-2018,3503.9,238.7,188.8,170.2,112.9,355.8
22-07-2018,3315.4,216.2,154.6,152.8,101.3,365.6
23-07-2018,3481.5,228.5,163.6,165.6,112.5,372.7
24-07-2018,3585.1,238.1,183,170.3,120.2,384.4
25-07-2018,3553.3,231.7,183,176.9,118.1,344.3
26-07-2018,3379.3,193.2,148.3,171.7,104.9,290.9
27-07-2018,3385.3,195.9,140.7,180,100,280.5
28-07-2018,3439,209,142.3,188.1,95.1,286.1
29-07-2018,3446.8,212.5,152,198.9,94.6,300.3
30-07-2018,3605.7,223.4,172.4,206.7,108.6,287.1
31-07-2018,3691,247.3,183.3,213.8,113.6,300.5
01-08-2018,3689.1,252.8,186,217.6,112.6,309.3
02-08-2018,3740.5,262.4,197.3,227.9,118.1,320.2
03-08-2018,3785.4,268.2,198.7,234.3,117.2,315.4
04-08-2018,3832.3,273.6,201.8,237.5,115.5,334.5
05-08-2018,3723.1,263.2,191.9,234.4,109.6,328.5
06-08-2018,3748.3,254.8,170.8,235.1,105.7,324.2
07-08-2018,3708.2,216.6,164.3,235.1,105,330.9
08-08-2018,3653.5,217,166.9,228.1,109.9,336.6
09-08-2018,3741.9,226.2,176,210.5,116.9,374.4
10-08-2018,3860.3,241.3,188.4,228.2,120.7,391
11-08-2018,3779.7,249.1,191,226.2,117.6,379.2
12-08-2018,3562.1,230.1,177.8,232.6,110.4,337.4
13-08-2018,3666.9,224.7,185.5,238.4,114.9,350.5
14-08-2018,3754.7,243.8,193,242.2,117.3,360.2
15-08-2018,3509.9,215.9,177.4,238.7,102.7,364.7
16-08-2018,3537.9,233.5,191.4,231.1,116.6,354.1
17-08-2018,3625.3,238,198.2,231.5,121,385.3
18-08-2018,3630.3,224.9,192.4,226.2,117.9,393.5
19-08-2018,3512.2,220.7,178.3,217.2,108,382.5
20-08-2018,3568.5,238.1,189.6,222.9,117.6,370.7
21-08-2018,3628.8,237.1,194.1,221.4,119.4,389.3
22-08-2018,3704,241.4,191.6,216.5,117.3,420.3
23-08-2018,3631.7,223,169.7,211.2,113.4,359.5
24-08-2018,3635.3,229.3,173.9,212.2,111.9,336.9
25-08-2018,3607.5,237.4,181.2,216.8,107.6,322.6
26-08-2018,3401.7,233.8,169.7,207.7,98,315.2
27-08-2018,3549.5,249.9,178.4,214.9,111.7,328.6
28-08-2018,3609.5,254.1,171,222.4,107.6,335.8
29-08-2018,3617.3,252.4,167.1,214.8,106.4,336.5
30-08-2018,3692.1,254,176.9,218.2,111,342.9
31-08-2018,3717.1,258.4,193.2,230.8,116.4,334.2
01-09-2018,3615.2,258.5,180.9,222.5,104,314.5
02-09-2018,3414.9,228.9,145.6,210.5,91,315.5
03-09-2018,3785.4,268.2,198.7,234.3,117.2,315.4
04-09-2018,3832.3,273.6,201.8,237.5,115.5,334.5
05-09-2018,3723.1,263.2,191.9,234.4,109.6,328.5
06-09-2018,3748.3,254.8,170.8,235.1,105.7,324.2
07-09-2018,3708.2,216.6,164.3,235.1,105,330.9
08-09-2018,3653.5,217,166.9,228.1,109.9,336.6
09-09-2018,3741.9,226.2,176,210.5,116.9,374.4
10-09-2018,3667.6,199.9,157.2,182.3,98.1,336.7
11-09-2018,3799.9,211.9,170.9,189.9,104.2,348.2
12-09-2018,3793.5,208.9,168.7,201,107.4,338.9
13-09-2018,3768.4,205.3,170.2,203.3,106.5,339.6
14-09-2018,3874,206.7,176.3,213,106.9,356
15-09-2018,3865.1,212.3,175.9,216.7,103.2,368.8
16-09-2018,3792.6,205.3,173.1,214.6,98.4,363.4
17-09-2018,3822.4,219.8,182.1,218.8,106.1,374.5
18-09-2018,3882.9,224.9,184.9,226.2,107.5,383.6
19-09-2018,3926.2,226.3,188.9,229,108.6,392.2
20-09-2018,3887.7,215.4,189.3,233.7,108.9,382.6
21-09-2018,3750.4,238.2,181.5,230.1,104.2,333.9
22-09-2018,3503.5,167.4,121.7,204.2,91.8,289.7
23-09-2018,3342.2,106.9,100.4,176.9,83.9,292.1
24-09-2018,3484.8,104.5,96.3,181.5,86,302.6
25-09-2018,3583.9,112.2,110.5,192.1,81,314.8
26-09-2018,3625.2,127.4,119.1,200.6,83.6,333
27-09-2018,3675,136.8,126,202.8,88.4,345.2
28-09-2018,3714.7,141.1,132.6,207.5,93.3,350.8
29-09-2018,3729.6,139.4,135.9,207.1,93.2,365.4
30-09-2018,3663.3,140.1,129.5,209.4,89.1,350.4
01-10-2018,3757.5,157,135.5,211.7,94.4,362.5
02-10-2018,3720.3,151.8,133.7,211.5,83.7,357.2
03-10-2018,3803.9,170.9,146,214.4,95.7,362.4
04-10-2018,3813.4,174.7,154.4,217.7,98.7,359.6
05-10-2018,3828.8,177.1,156.1,219.9,97.3,358.9
06-10-2018,3801.8,177.9,154.3,216.7,91.9,352.1
07-10-2018,3710.3,165.2,140.9,209.5,84.9,360.7
08-10-2018,3822.6,172,144.5,216.9,91.5,351.2
09-10-2018,3822.9,163.1,154,213.8,92.3,350.2
10-10-2018,3827.3,163.8,153.9,224.3,94.3,347.3
11-10-2018,3723.4,151.4,138.3,219.8,88.3,333.6
12-10-2018,3736.2,152,138.6,220,81.9,317.7
13-10-2018,3726.5,146.4,139.4,218.1,75.3,312.3
14-10-2018,3613.5,135.4,129.1,214.4,70.7,289.9
15-10-2018,3710.3,143.4,140.3,217.4,75.1,294.9
16-10-2018,3699.5,137.2,145.9,220.6,79.6,295.3
17-10-2018,3651.4,140.6,146,221.4,80.9,317.8
18-10-2018,3503.3,137.2,146.3,219.6,80.4,333.4
19-10-2018,3464.4,123.7,132.2,211.9,69.6,314.3
20-10-2018,3567.8,127.9,134.1,215.9,71.4,304.9
21-10-2018,3534.8,128.4,130.1,215.4,66.4,299.7
22-10-2018,3626.6,132.3,132.1,210.9,72.8,290.9
23-10-2018,3668.7,128.7,135,216.2,72.7,296
24-10-2018,3665.8,122.4,134.7,219.3,73.8,293
25-10-2018,3674.5,129.9,132,219.9,73.5,291.3
26-10-2018,3650.1,133.2,129.4,222.4,73.2,293.6
27-10-2018,3620.9,137.1,126,219.4,68.9,285.3
28-10-2018,3482.8,127.7,114,218.1,64.4,277.9
29-10-2018,3562.8,128.4,123,224.7,69.7,285.8
30-10-2018,3579.6,123,125,223,71.8,285.4
31-10-2018,3620.9,119.4,125.5,225.9,71,285.8
01-11-2018,3570.8,118,123,229,71.3,283.9
02-11-2018,3556.6,124.3,122,228.7,71.7,282.5
03-11-2018,3514.5,116.6,119,227.1,68.5,289.3
04-11-2018,3415.8,113,114.3,222.8,64.6,273.8
05-11-2018,3514.7,117.6,115,219.7,65.4,304
06-11-2018,3441.8,111.7,111.6,215.4,63,300.2
07-11-2018,3176,97.3,96.3,199.4,53.9,293.9
08-11-2018,3063.4,84.9,87.3,192.7,50.4,263.7
09-11-2018,3172.3,98.2,93.8,205.1,55.3,259.9
10-11-2018,3255.7,111.4,103.7,215.8,57.3,260.7
11-11-2018,3249.7,106.8,103.4,218.1,55.5,263.3
12-11-2018,3369.4,111.1,110.7,222.9,61.3,267
13-11-2018,3407.3,110.2,112.5,242.3,59.7,270
14-11-2018,3397.3,108,107,229.5,61.8,265.9
15-11-2018,3401.6,106.1,113.1,232.2,62.5,266.7
16-11-2018,3343,110,113.8,230.7,62.9,264.8
17-11-2018,3354.2,109.4,114.3,229.7,60,263
18-11-2018,3263.4,108.5,105.1,225.8,57.3,259
19-11-2018,3358.4,113.2,112.8,225.8,61,261.4
20-11-2018,3377.5,116.8,116,226.8,61.7,269.4
21-11-2018,3375.5,115.3,116.9,227.1,61.3,270.4
22-11-2018,3350.7,114.3,118.7,230.1,62.1,267.2
23-11-2018,3328.6,113.8,116.6,233,61.6,264.6
24-11-2018,3317.6,118,115.6,230.7,58.4,262.9
25-11-2018,3223.7,116.1,108.4,225.5,58.3,259.3
26-11-2018,3328.4,123.3,116.3,230.5,60.9,257.2
27-11-2018,3334.4,124.2,121.5,230.9,62,244.4
28-11-2018,3362.3,126.2,122.7,231.5,62.5,267.5
29-11-2018,3354.4,126.2,121.9,227.8,62.3,259.6
30-11-2018,3367.5,123.5,124.7,230.8,64.2,263.5
01-12-2018,3322.2,126.2,125.4,228.9,59.8,260.4
02-12-2018,3198.4,123.3,116.1,225.6,56.8,249.9
03-12-2018,3306.7,123,123.5,229.4,61.6,253.5
04-12-2018,3340.9,127.7,128.2,230.6,62.8,257.3
05-12-2018,3357,132.5,129.7,234.3,63.8,257.4
06-12-2018,3376.3,134.7,129.8,234.5,64.4,258.3
07-12-2018,3353.9,133.3,130.7,217.2,63.5,260.9
08-12-2018,3367.5,136.2,129.1,228.9,61.9,258.6
09-12-2018,3252.1,132.1,120,229.9,59.3,255.3
10-12-2018,3336.4,124.7,125.3,231.9,62,257.7
11-12-2018,3365.3,121.3,126.8,237.2,63.8,261.1
12-12-2018,3344.2,122,113.5,224.7,64,258.1
13-12-2018,3338.1,123.9,114.3,224.3,64.5,255.8
14-12-2018,3330.5,115.4,118.1,229.9,65.3,267.6
15-12-2018,3310.2,121,120.2,228,61.6,257.9
16-12-2018,3192.1,118,111,224.5,60.2,263.7
17-12-2018,3221.4,118.9,119.9,233.8,64.8,272.7
18-12-2018,3233.1,120.4,124.6,224.3,65,276.7
19-12-2018,3302.4,119.3,129.2,235.3,67.3,276.2
20-12-2018,3344.4,121.6,127.6,235.4,67,278
21-12-2018,3375.8,118.3,128.9,237.2,69,277.5
22-12-2018,3358.2,119.8,127.6,237.2,65.5,280.5
23-12-2018,3225.3,112,119.1,229.1,63.3,280.1
24-12-2018,3331.2,110,125.5,237.9,67.2,276.6
25-12-2018,3345.6,96.3,129,238.7,64.8,287.9
26-12-2018,3409.5,123.2,130.3,240.5,64.6,289.1
27-12-2018,3420.6,117.8,131.2,241.2,69.6,286.5
28-12-2018,3422.8,119.6,130.6,242.4,73.2,295.8
29-12-2018,3355.8,119.2,128.6,240.7,69.3,290.7
30-12-2018,3248.4,106.1,120.3,237,66.5,291.5
31-12-2018,3332.2,110.9,125,236.6,69,291.2
01-01-2019,3297.7,109.2,123.4,238.3,69.6,295
02-01-2019,3319.7,108,125.5,239.8,69,285.2
03-01-2019,3370.4,103.8,127.2,239.9,68.3,291.4
04-01-2019,3406.8,113.6,126.5,236.5,73.9,290.7
05-01-2019,3370.9,108.4,124.6,234.2,68.2,289.5
06-01-2019,3256.2,99,106.3,235.2,64.9,279.5
07-01-2019,3337.9,108.1,123.5,239.9,71,274.4
08-01-2019,3392.9,112.7,131.5,242.1,68.7,289.2
09-01-2019,3385.7,113.5,131,243.4,71.1,289.2
10-01-2019,3417.6,113.8,129.9,238.3,71,292.5
11-01-2019,3441.9,115,131.2,244,71.4,293.3
12-01-2019,3408,112.8,130.2,234.2,67.7,291.9
13-01-2019,3293.6,107.4,116.6,233.9,65.4,285.5
14-01-2019,3278.8,108.1,126,231,68.9,282.8
15-01-2019,3285,116.9,131.7,237.6,72.2,295.3
16-01-2019,3325.5,118,132,240.9,72.3,291.3
17-01-2019,3362.4,120.1,131.3,244.1,72.2,293.4
18-01-2019,3412.9,119,132.4,241.1,73.9,294.9
19-01-2019,3399.1,114.9,129.5,242,66.2,293.8
20-01-2019,3298.1,109.1,118.6,239.6,64.6,280
21-01-2019,3303.7,102.8,115.2,225.2,67.9,259.4
22-01-2019,3248.5,92.4,97.9,208.1,67.7,231.2
23-01-2019,3341.1,105.3,118.9,227,70.8,242.7
24-01-2019,3338.3,104,118.3,224.8,70.4,259.8
25-01-2019,3293.2,105.3,113.7,219.2,72.5,246.2
26-01-2019,3087.5,95.3,107.2,221.5,58.6,239
27-01-2019,3081.3,97.9,103.7,221.8,63.7,249.1
28-01-2019,3247.5,104.6,118.9,232.8,71.8,261.4
29-01-2019,3301.9,109.7,125.6,236.7,71.7,264.7
30-01-2019,3354,112.8,129.1,237,72.7,272.5
31-01-2019,3353.5,110.7,126.4,235.2,71.6,272.5
01-02-2019,3345.2,109.5,125.1,236.6,71.3,268
02-02-2019,3340.3,106.7,127.3,234.3,69.2,270
03-02-2019,3246.9,101.5,118.2,232,67,264.3
04-02-2019,3341.5,102.8,123.4,229.6,69.1,268
05-02-2019,3421.4,105.2,126.5,239.7,69.4,274.7
06-02-2019,3415.1,105.8,125.3,234.3,69.1,259.3
07-02-2019,3297.7,92.4,129.7,226.4,68.7,221.2
08-02-2019,3309.4,100.2,115,234.3,70,231
09-02-2019,3288,104.3,120,229.4,65.8,248
10-02-2019,3211,97.3,111.6,227.8,63.1,252.2
11-02-2019,3325.4,101.4,118.1,233.3,66.8,256.7
12-02-2019,3398.4,105.8,123,236.5,67.1,257.5
13-02-2019,3417.5,104.8,122.9,236.6,66.5,267
14-02-2019,3383.6,102.9,111.5,227.5,67,246.1
15-02-2019,3351.9,105.3,116.5,230.5,68.5,236.4
16-02-2019,3317.4,103.6,118.4,233.4,64.9,246
17-02-2019,3268.1,98.7,107.4,227.8,61.6,250.5
18-02-2019,3360.9,96.6,115,217.7,64.2,256.7
19-02-2019,3438.6,96.3,116.6,232.5,65,257.1
20-02-2019,3456.4,101,116.2,231.1,65.3,261.5
21-02-2019,3487.7,97.9,113.4,233.4,65,263.7
22-02-2019,3510.8,102.1,118.2,235,65.6,263.8
23-02-2019,3497.9,102.4,119.6,235.3,61.1,265.3
24-02-2019,3376.4,98.4,110.4,231.4,59.2,263.6
25-02-2019,3440,101.8,117.4,232.4,61.4,261.4
26-02-2019,3448.4,100.3,117.4,228.8,64.1,259.6
27-02-2019,3423.8,101.6,117.2,222.5,66.1,241.9
28-02-2019,3423.4,101.6,117.2,222.5,66.1,241.9
01-03-2019,3489.3,106.8,123.7,231.3,65.4,268
02-03-2019,3464.6,105.9,111.9,223.6,63,258
03-03-2019,3286.8,93.1,95,212,60.2,230
04-03-2019,3417.7,99.2,107.6,225.1,62,247.7
05-03-2019,3490.1,102.9,116.5,225.9,63.2,252.8
06-03-2019,3505.3,107.7,121.2,226,63.8,258.1
07-03-2019,3552.5,112.8,125.1,233,63.3,262.7
08-03-2019,3570,114.1,125.6,228.5,64,269.8
09-03-2019,3533.5,111.7,124.3,227.1,59.8,267.3
10-03-2019,3447.7,112.3,116.8,217.2,58.1,273.1
11-03-2019,3568,106.3,118.8,222.7,61.2,276.5
12-03-2019,3628.1,110.6,122.5,230.4,61.4,280.6
13-03-2019,3621.6,111.8,125.2,225,62.2,283.1
14-03-2019,3582.1,107.5,115.7,219.4,61.4,271.5
15-03-2019,3580.4,111,118.4,218.2,64.2,278.8
16-03-2019,3593.2,116.5,122.6,220.9,59.4,289.1
17-03-2019,3464.6,116.9,114.9,215.3,57.5,288.7
18-03-2019,3565.2,124.5,123.4,220.5,61.6,289
19-03-2019,3659.7,130.5,127,218.3,61.7,297
20-03-2019,3613.7,124.2,121.7,211.7,60.1,295.8
21-03-2019,3268,115.1,98.4,187.8,46.1,274.1
22-03-2019,3412.8,114.6,109.1,199.1,54.4,268.5
23-03-2019,3546.6,119.6,114.1,208.2,57.9,267.7
24-03-2019,3515.9,117.9,113.6,211.1,58.2,279.9
25-03-2019,3643.5,118.3,117.7,209.5,61.7,291.7
26-03-2019,3676.6,123.5,123.4,216.3,64.3,279.4
27-03-2019,3717.3,126.9,124.6,215.4,65.9,297.6
28-03-2019,3734,129.8,126.3,214.8,67.4,308.6
29-03-2019,3791.8,131.5,129.4,222.9,71.8,317.9
30-03-2019,3796,130.8,127.6,220.4,73.9,320
31-03-2019,3590.9,121.4,113.9,217.5,69.1,292.2
01-04-2019,3651.6,124.3,117.9,213.8,72,311.1
02-04-2019,3761.3,124.4,124,216.6,75,320.1
03-04-2019,3827,130.8,126,220.4,77.3,322.8
04-04-2019,3850.9,129.4,127.3,218.4,81.3,331.4
05-04-2019,3815.8,132.1,129.7,205.6,85.6,336.7
06-04-2019,3727.6,132.1,128.4,207,83.9,334.6
07-04-2019,3483.2,120.4,111.2,201.4,83.6,287.3
08-04-2019,3659.8,119,116.7,197.5,85.6,316.2
09-04-2019,3730.6,126.8,126.8,211.3,86.9,331.6
10-04-2019,3773.2,125.9,129.4,215.1,91,340.6
11-04-2019,3800.3,126.3,131.2,215.6,94.4,345.6
12-04-2019,3837.4,126.1,127.1,210.6,94.8,347
13-04-2019,3808.6,123.5,126.3,216.6,90,347.1
14-04-2019,3688.3,114.7,116.6,213,85.5,340.1
15-04-2019,3786.8,118.1,127.4,205.8,97.2,351
16-04-2019,3580.4,95.9,95.5,159.2,89.2,284.6
17-04-2019,3397.1,100.7,98.7,146.4,73.7,251.5
18-04-2019,3454.7,98.6,106.5,168.3,74.4,269.9
19-04-2019,3511.3,104.6,114.3,178.1,75.2,301
20-04-2019,3585.6,112.8,116.2,187.2,78.7,315.6
21-04-2019,3483.8,108.5,110.9,190.4,79.2,320.3
22-04-2019,3674.8,122.1,128.2,205.5,91.9,342.3
23-04-2019,3717.1,129,138.6,216.8,99.3,362
24-04-2019,3821.1,108.6,141.7,221.1,106.7,380.7
25-04-2019,3935.7,126.4,144.5,226.7,111.4,387.1
26-04-2019,3967,132.7,146.7,226.5,109.7,387.1
27-04-2019,3936.8,133.3,143.3,228.3,103.2,364
28-04-2019,3803.8,126.3,132.9,224.7,98.7,358.7
29-04-2019,3954.4,136,150.5,227.2,109.3,395.8
30-04-2019,3948.3,132.5,154.7,231.6,111.9,410.9
01-05-2019,3742,134.3,155.2,232.4,114.2,408.7
02-05-2019,3793.6,135.9,143.2,229.6,112.7,373.4
03-05-2019,3693.8,141.2,138.9,226.9,105,341.6
04-05-2019,3711.4,144.5,148.6,222.4,100.5,393.3
05-05-2019,3648.4,139.6,141.8,223.8,96.4,365.3
06-05-2019,3857.1,150.1,156.6,223.1,106.7,380.9
07-05-2019,3931.8,156.9,165.3,230.6,110.7,395.5
08-05-2019,3970.6,169.9,169.2,239.3,114.5,408.6
09-05-2019,4009.3,168.9,170.7,242,117.1,419.6
10-05-2019,4024.3,152.1,162.2,241.7,117.5,432.3
11-05-2019,3977.2,152,162,227.1,110.5,424.5
12-05-2019,3824.6,162.4,158.8,205,99.6,414.8
13-05-2019,3884.1,156.3,152.5,215.5,110.5,399.9
14-05-2019,3867,151.4,152.1,212.5,106,405.6
15-05-2019,3877.4,153.8,150.7,221.5,102.7,401.4
16-05-2019,3892,151.1,151.4,211.8,101.8,404.7
17-05-2019,3874.1,137.9,143.5,192.2,100.9,394.2
18-05-2019,3807.7,136.9,137.8,194.9,88.4,364.1
19-05-2019,3772.4,134.9,141.2,211.2,89.8,400.3
20-05-2019,3970.5,146.2,158,226.8,102.8,412.7
21-05-2019,4053,158.9,167.3,230.7,110.8,413.5
22-05-2019,4051.2,169.5,171.5,233.6,114,428.3
23-05-2019,4091.3,161.7,164.4,240.3,114.5,442
24-05-2019,3943.5,139.4,147.7,234,105.5,398.2
25-05-2019,3917.8,142.4,156,238.8,109.2,406.1
26-05-2019,3836,150.2,151,239.8,99.9,414.7
27-05-2019,4025.2,155.9,165.3,248.1,111.8,428.2
28-05-2019,4123.6,166.3,173.6,257.9,114.9,435.6
29-05-2019,4128.6,175.9,179.3,256.2,121.6,444.4
30-05-2019,4145.1,183.6,185.9,250,128.1,469
31-05-2019,4111.9,188.8,189.1,255.7,131.6,445.2
01-06-2019,4034.9,186.4,188.4,261.6,132.2,438.9
02-06-2019,3949.3,186.9,182,260.2,132.7,439
03-06-2019,3921.8,181.3,189.3,261.8,135.5,412.6
04-06-2019,4028.2,162.6,184.2,268.1,131.8,444.2
05-06-2019,4092.6,186.4,189.4,271.3,131.2,471.8
06-06-2019,4020.1,198.8,185.1,270.4,134.4,431.1
07-06-2019,3970.3,186,183.5,275.2,129.2,381.6
08-06-2019,4000.2,190.3,187.4,271,129,433.9
09-06-2019,3942.6,188.4,179.9,264.9,123.8,443.4
10-06-2019,4053.8,203.3,194.8,269.8,136.7,449.6
11-06-2019,4124.2,210.1,199.8,278,139.1,461.2
12-06-2019,3944.5,185.6,176.2,265.9,135.2,403
13-06-2019,3897.5,228.6,185.3,244.4,136.1,430.6
14-06-2019,4093.4,256,203.2,257.8,134.7,453.9
15-06-2019,4056.3,240.2,201.3,257.9,130.7,450.6
16-06-2019,3854.6,237.6,165.9,223.1,117.9,413.3
17-06-2019,3943.8,232,169.4,235.1,114.8,405.1
18-06-2019,3841.5,206.1,140.6,223.7,99.3,384.1
19-06-2019,3940.1,246.5,172.2,208.5,106.4,394.1
20-06-2019,3959.9,228.4,179.9,224,112,389.6
21-06-2019,3949.9,242.1,189.3,228.2,122.7,425.1
22-06-2019,3896.6,263.8,197.7,241.8,118.5,398.6
23-06-2019,3755.5,259.3,196.1,240.1,121,382
24-06-2019,3873.7,249.8,197.7,240.6,123.2,383
25-06-2019,3990.9,250.6,209.8,242.9,126.1,407.9
26-06-2019,4010.6,274.1,219.4,248.5,135.1,416.9
27-06-2019,4026.7,269.4,219.1,249.5,135.2,435.1
28-06-2019,4008.4,282.7,219.7,254.7,133.5,446.8
29-06-2019,3973.6,281.5,224.5,255.7,136.7,452.6
30-06-2019,3811.6,286,211.8,246.4,136,445.1
01-07-2019,3902.4,290.1,228.1,247.9,145.2,454.3
02-07-2019,3863.7,282.1,223.9,237.5,147.1,441.3
03-07-2019,3904.7,300,237.2,242.7,145.3,433.9
04-07-2019,3898.3,289.9,208.2,237.3,139.2,441.2
05-07-2019,3806.9,284.4,205.8,220.9,126.4,403
06-07-2019,3699.3,271.4,210.4,218.1,122.3,364.9
07-07-2019,3561.8,270,199.5,201.3,119.6,377.9
08-07-2019,3760.6,291.7,214.9,218.1,130.2,368.4
09-07-2019,3720.7,268.9,207.9,225.8,113.4,325.6
10-07-2019,3750.5,262.6,210.1,239.7,127.8,318.3
11-07-2019,3733.7,244.6,214.6,242.6,135.5,313.4
12-07-2019,3809.7,234.5,212.3,249.6,137.8,339.7
13-07-2019,3815.6,215,207.1,252.4,132.5,363.5
14-07-2019,3665.4,174.4,192.3,247.6,125.5,370.5
15-07-2019,3762.9,166,175.3,256.5,118.5,353.6
16-07-2019,3749.3,133.7,157.5,264.3,108,331.6
17-07-2019,3810.4,147.9,147.1,261.6,91.6,363.8
18-07-2019,3883.8,177.2,148.6,245.1,100.6,390.3
19-07-2019,3902.8,192.9,171.8,240,108.6,407.1
20-07-2019,3871,206,177.1,244.3,111.1,415
21-07-2019,3749,211.6,171.5,240.5,105.6,418.2
22-07-2019,3928.1,245.9,194.3,242.2,116.6,422.1
23-07-2019,4007.6,253.7,211.3,251.4,129,428.8
24-07-2019,3993.4,264.8,208.1,256.8,130.4,406.8
25-07-2019,3758.1,229.6,183.2,219.3,115.2,372.2
26-07-2019,3640.8,220.4,177.2,218.3,109.3,357.5
27-07-2019,3511.1,206.3,157.8,198.7,100.7,359.1
28-07-2019,3377.8,210.9,153.9,159.3,98.9,364.1
29-07-2019,3543.5,231.9,180.5,175.3,111.8,399
30-07-2019,3623.2,253.8,196.4,197.2,115.6,412.5
31-07-2019,3667.2,236.4,193.9,209.8,117.9,426
01-08-2019,3700.7,229.8,201.8,197.6,121.9,437.9
02-08-2019,3628.7,195,192.3,197.6,121.7,428.3
03-08-2019,3563.9,207.1,182.9,189.7,112.2,407.9
04-08-2019,3486.3,218.9,178.2,191.9,108,417.1
05-08-2019,3806.9,284.4,205.8,220.9,126.4,403
06-08-2019,3699.3,271.4,210.4,218.1,122.3,364.9
07-08-2019,3561.8,270,199.5,201.3,119.6,377.9
08-08-2019,3760.6,291.7,214.9,218.1,130.2,368.4
09-08-2019,3720.7,268.9,207.9,225.8,113.4,325.6
10-08-2019,3750.5,262.6,210.1,239.7,127.8,318.3
11-08-2019,3733.7,244.6,214.6,242.6,135.5,313.4
12-08-2019,3751.2,256.1,206.9,211.5,115.5,449.7
13-08-2019,3692.9,229.1,204.7,214.5,117.8,420.6
14-08-2019,3639.4,233.8,192.2,207.5,113.9,393
15-08-2019,3323.2,220.4,170.6,171,98.7,379.2
16-08-2019,3502.2,226.5,177.7,156,107.7,377.1
17-08-2019,3431.9,176.1,150.9,147.3,99.2,370.6
18-08-2019,3274.9,124.2,125.4,163,89.1,353.2
19-08-2019,3494.5,163.9,157.5,180.9,103.8,379.4
20-08-2019,3642.5,192.4,176.4,196.9,110.9,388
21-08-2019,3735.8,209.5,187.7,215.6,117.8,379.5
22-08-2019,3726.5,221.9,189.8,222,115.7,372.6
23-08-2019,3768.7,239.1,200.7,231.7,117,400.1
24-08-2019,3690.4,245.6,195.7,237.9,110.1,368.5
25-08-2019,3537.4,239.4,175.1,229.1,102.1,341.6
26-08-2019,3707.9,245.8,186,229.7,111.7,362.8
27-08-2019,3859.8,256.7,204.4,232.4,121.6,405.5
28-08-2019,3942,265.3,217,221,128,429.1
29-08-2019,4003.7,266.5,214.8,217.3,132.7,430.6
30-08-2019,3986.7,257.9,214,212.7,132.6,431.3
31-08-2019,3925.3,260.3,218.3,214.6,129.7,439.7
01-09-2019,3637.1,233.4,194.6,203.9,113.9,409.2
02-09-2019,3649.7,235.3,204.6,203.2,122.8,425.6
03-09-2019,3751.5,242.9,215.7,212.6,129.2,434
04-09-2019,3745.2,246.2,217.8,225.5,130.3,414.1
05-09-2019,3754,214.3,208,225.7,128.7,439.6
06-09-2019,3793.1,219.2,209.3,228.7,128.5,435
07-09-2019,3769.5,228.4,209.1,224.7,122.2,430.1
08-09-2019,3629,224.1,198.2,219.8,116.7,423.8
09-09-2019,3806.5,237.2,214.1,232.7,128.5,421.3
10-09-2019,3892.9,251.9,220.1,246.5,126.9,437.4
11-09-2019,3892.3,255,223.2,253.5,134.9,424
12-09-2019,3809.7,264.6,222.6,253,137.2,426.5
13-09-2019,3777.2,259.7,224.4,247.4,132.6,393
14-09-2019,3777.5,259,218.5,243.3,125.3,390.4
15-09-2019,3671.8,248.8,200.9,237.1,116.2,393.1
16-09-2019,3805.8,238.1,212.7,243.9,124.6,405.3
17-09-2019,3748.9,239.6,209.7,245.4,125.1,393.2
18-09-2019,3650.9,243,208.4,245.5,121,351.9
19-09-2019,3632.8,224,200.4,240.5,113.9,350.6
20-09-2019,3695.5,225.2,200.8,242.4,113.4,375.3
21-09-2019,3673.8,227.9,196.3,237.8,108.1,378.5
22-09-2019,3431.8,216.8,169.5,222.2,94,316.7
23-09-2019,3559.2,213.9,179.6,225.8,98.5,326.9
24-09-2019,3521.2,220.3,186.1,228.5,99.3,328.4
25-09-2019,3457.4,222.9,185.6,225,102.4,335.1
26-09-2019,3376.8,219.3,184.2,226.6,102.6,301.8
27-09-2019,3306.2,197.7,179.5,222,100.9,276.3
28-09-2019,3187.5,165.1,169.3,210.8,94.6,261.3
29-09-2019,2995.8,122.6,143,197.9,84.7,244.4
30-09-2019,3130.8,132.5,148.2,197,89.2,258.6
01-10-2019,3223.4,131.5,157,199.9,92.8,284.2
02-10-2019,3146.7,130.3,145.3,187.7,79.5,281.4
03-10-2019,3310.2,137.9,151.9,189.9,92.6,298.6
04-10-2019,3336.8,135.8,141.4,186.9,89.4,310
05-10-2019,3337.4,139.3,143.8,195.2,82.2,319.5
06-10-2019,3246.9,141.1,142.9,185.4,77.8,326.7
07-10-2019,3231.4,148.4,147.8,182.5,82.5,322.2
08-10-2019,3084.6,133.1,135.6,184.7,73.1,311.2
09-10-2019,3266.5,148.4,148.9,193.7,82.8,325.9
10-10-2019,3390.6,154.6,155.6,197.7,83.2,332.7
11-10-2019,3436.3,155.3,158.2,201.4,84.9,329.4
12-10-2019,3414.6,152.6,157.5,202.7,82.5,323.1
13-10-2019,3309.1,140.8,146,202.3,80.2,316.4
14-10-2019,3457.7,146.2,155.4,206.5,85.8,324.6
15-10-2019,3486.2,151.2,157.7,211.2,86,326.3
16-10-2019,3469.9,141.5,157.5,213.1,88.3,330.1
17-10-2019,3473.3,138.5,156.1,215.5,87.9,327.3
18-10-2019,3418.5,118.8,145.9,213,86.4,323.6
19-10-2019,3312,118.9,142.9,208.4,80.7,316.5
20-10-2019,3133.5,110.9,137.5,202.2,75.3,299.3
21-10-2019,3143.3,113.4,125.5,203.1,78.4,296.7
22-10-2019,3180.4,119.7,132.4,202.6,75.9,290.5
23-10-2019,3155.1,124.5,137,200.6,74.2,286.8
24-10-2019,3093.5,125.7,137.9,202.3,75.9,286.7
25-10-2019,3064.3,122,134.7,204.3,76,302.9
26-10-2019,2943.7,117,124.8,197,69.1,287.8
27-10-2019,2702.1,90.7,104.3,185.3,60.8,290
28-10-2019,2635.5,92,96.2,175.3,60.3,260.1
29-10-2019,2756.6,105.8,105.6,188.1,63.2,262.8
30-10-2019,2858.2,110.1,116.2,201.3,68.4,268.2
31-10-2019,2957.3,112.4,119.5,209.7,67.6,273.2
01-11-2019,3002.8,111.3,122.5,210.8,69,276.9
02-11-2019,3014.3,108.5,117.4,205,64.8,281.4
03-11-2019,2916.2,98.8,104.3,202.4,61.2,268.8
04-11-2019,3092.8,106.4,115.6,212.7,66.3,274.4
05-11-2019,3147.2,106.4,118,215.9,66.4,270.5
06-11-2019,3192.8,106.7,119.6,218.6,67.6,272.9
07-11-2019,3101,95.3,112.8,207.9,65.5,265.5
08-11-2019,3085.1,99,114.7,210.7,64.9,265.7
09-11-2019,3064.3,101.7,114.3,215.6,61.4,270.7
10-11-2019,2978.1,94.2,102.6,211.3,59.6,260.4
11-11-2019,3135.4,99,107.9,212.4,63.2,269
12-11-2019,3196.3,98,114.1,214.4,59.9,267.4
13-11-2019,3213.7,102.6,113.3,215.3,62,268.7
14-11-2019,3197.9,104,114,196.9,63.2,276.1
15-11-2019,3193.1,101.8,114.4,194.3,60.6,277.4
16-11-2019,3186.8,101.3,110.5,200.5,60.4,272.1
17-11-2019,3081.9,93,101.8,203.7,58.5,257.1
18-11-2019,3219.6,100.8,111.4,208.2,61.5,264.6
19-11-2019,3264.5,100,115,211.8,62.6,268.3
20-11-2019,3281.9,105.3,114.6,214.7,63.6,266.3
21-11-2019,3289.7,104.4,116.7,215.5,63.4,266.6
22-11-2019,3291.9,106.3,116.3,218.7,64,265.9
23-11-2019,3256.2,102.7,114.6,220.6,60.4,260
24-11-2019,3138.3,98.9,105.6,215,58,255.2
25-11-2019,3267.9,101.7,114.5,216.7,62.5,260.8
26-11-2019,3283.5,100.3,114.2,214.5,63.5,258.2
27-11-2019,3270.5,98,108.2,218.6,62.6,258.4
28-11-2019,3218.6,99.4,100.3,213,62.4,238.2
29-11-2019,3245.7,102.8,109.9,212.3,63.5,236.2
30-11-2019,3226.7,101.4,108.5,213.3,60.4,240.5
01-12-2019,3024.6,92.9,97.7,210.3,57.2,232.6
02-12-2019,3126.7,100.2,109.1,210.4,60.8,240.5
03-12-2019,3166.5,102.1,115.8,217.5,62.5,239.9
04-12-2019,3212.5,107.9,118.6,220.4,62.6,245
05-12-2019,3251.6,112,119.4,222.7,63.5,250.4
06-12-2019,3268.9,114,121.6,225.4,65,249.4
07-12-2019,3235.3,113.8,120.5,223.2,62,248.3
08-12-2019,3117.5,108.5,109,219.8,59.3,242.3
09-12-2019,3253.2,110.7,118.4,222.6,62.8,244.7
10-12-2019,3335,114.1,122.1,228.8,62.9,249.2
11-12-2019,3360.3,110.8,121,229.9,65.4,253.4
12-12-2019,3291.1,97.8,111.3,211.8,64.8,239.8
13-12-2019,3132,94.7,95.7,202.2,66.8,186.8
14-12-2019,3189,103.7,110.4,211.4,63.8,229.9
15-12-2019,3075.1,97.2,101.7,212.7,62,234.2
16-12-2019,3200.5,103,114.3,217.9,67.6,243.5
17-12-2019,3273,105,119.2,222.5,70.2,253.5
18-12-2019,3314.9,109.4,120.7,223.2,70.2,263.3
19-12-2019,3356.3,107.5,122.4,227.8,73.2,266.5
20-12-2019,3404.2,114,125.4,234.8,74.8,271.7
21-12-2019,3380.7,114.7,124.1,233.4,70.7,267.8
22-12-2019,3294.5,111.3,115.8,227.9,70,266.1
23-12-2019,3419.7,112.8,125.5,232.5,74.2,280.7
24-12-2019,3456,118.6,131.1,232.8,76.9,276.6
25-12-2019,3416.4,121.2,132.1,235.6,76.9,277.3
26-12-2019,3439,123.3,134.5,232.7,79.2,293.2
27-12-2019,3468.2,120.9,133.6,235,82,304.8
28-12-2019,3438.6,122.1,133,234.6,80.4,297
29-12-2019,3345.9,113.8,124.6,231,78,308
30-12-2019,3449.3,119.9,130.3,234.1,85.8,313.9
31-12-2019,3480.1,121.9,133.5,240.2,85.5,311.8
01-01-2020,3379.9,118.8,128.2,239.8,83.5,320.7
02-01-2020,3383.3,121,127.5,239.1,79.2,299
03-01-2020,3390.5,121.4,132.6,240.4,76.6,286.8
04-01-2020,3388.4,118,132.1,241.9,71.1,294.2
05-01-2020,3271.3,107.5,121.4,237.2,69,289.4
06-01-2020,3397.2,108.2,125.7,240.7,73.8,294
07-01-2020,3441.8,112,124.7,242.6,74.5,292.3
08-01-2020,3390.5,112.6,120.2,239,74.7,269.2
09-01-2020,3403,113.5,126.5,231.5,77.5,276.6
10-01-2020,3454.6,113,129.7,243.4,79.7,295.1
11-01-2020,3456.8,111.8,128.5,237.6,72.7,288.3
12-01-2020,3364.3,103.6,114.1,240.4,69.3,288
13-01-2020,3421.3,96.1,120.7,226.5,74.9,296.5
14-01-2020,3376.2,105.4,123.2,226.8,74.9,289.5
15-01-2020,3301.1,111.4,127.7,233.3,75.4,284
16-01-2020,3265.2,112,125.3,225.9,76.4,253.9
17-01-2020,3348.5,111.6,125.3,228.1,77.3,260.9
18-01-2020,3377.5,110.4,126.1,230.2,73.3,279.8
19-01-2020,3270.5,104.6,115.6,228.2,71.7,271.3
20-01-2020,3458.5,105.1,126.4,234.2,77.7,281.2
21-01-2020,3527.5,106.5,129.6,240.4,75.9,283.7
22-01-2020,3533.7,111.2,130.3,238.7,76.6,283.2
23-01-2020,3543.6,111,129.6,238.6,75,270.6
24-01-2020,3576.2,112.9,131.6,237.6,76,283.9
25-01-2020,3566.7,114.3,130.9,245.5,71.4,284.6
26-01-2020,3346.5,99.3,116.7,231,60.3,282.3
27-01-2020,3507.2,107.5,123.5,238.4,69,281.2
28-01-2020,3548.5,102.9,116.3,240.6,72.1,270.4
29-01-2020,3534.4,104.2,123.1,240.9,71.8,271.8
30-01-2020,3553,106.9,124,240.9,71.1,271.2
31-01-2020,3580.4,111.2,125.6,243.6,73,282.1
01-02-2020,3523.5,111.6,124.7,243.7,68,276.9
02-02-2020,3421.5,106.1,116.3,242.5,67.3,276.8
03-02-2020,3548,113,123.6,245.1,70.7,283.5
04-02-2020,3589.8,120.2,128.5,249,69.8,287.4
05-02-2020,3609.3,120.5,131.6,250.3,71.7,290.9
06-02-2020,3631.8,123.8,131.6,251.7,70.7,292
07-02-2020,3635.5,126,133,249.7,73.4,295.5
08-02-2020,3596.5,127.2,131.6,247.4,62,295.4
09-02-2020,3438.8,121.6,122.9,243.3,72.1,286.3
10-02-2020,3552.3,130.1,131.9,243.3,68.5,290.4
11-02-2020,3645.2,129.2,136.6,248.1,69.5,295.5
12-02-2020,3666.4,134.2,137.8,249,68.8,288
13-02-2020,3671,131.3,136.9,249,66.8,282.1
14-02-2020,3669.5,131.4,136.8,248.1,66.8,273.9
15-02-2020,3655.3,132.6,136.2,249.3,62.6,278.7
16-02-2020,3570.8,126.9,129.1,245.5,61.1,286.6
17-02-2020,3699.2,130.8,138.4,247.1,62.6,289.7
18-02-2020,3745.3,129.7,142.3,250.9,64,292.4
19-02-2020,3756.7,120.4,138.8,250.6,65.1,291.2
20-02-2020,3718.1,110.3,127.1,246.9,63.6,279.7
21-02-2020,3599.1,105.7,107.8,248.9,64.3,234.2
22-02-2020,3609.3,118,115.6,247.3,60.7,247.1
23-02-2020,3506.4,114.3,112.1,236.3,59.4,250.7
24-02-2020,3616.6,121.8,120.5,242.6,63.9,259.9
25-02-2020,3622.2,124.8,124.7,244.8,63.6,250
26-02-2020,3632,124.9,124.8,245.1,63.8,257.7
27-02-2020,3630.1,121.8,123,245.7,62.5,250.6
28-02-2020,3682.8,113,123,246.2,63.8,274.9
29-02-2020,3587.5,96.9,108,236,60.3,247.3
01-03-2020,3378,97.8,94.5,230.1,57.9,215.8
02-03-2020,3564.8,111.2,110.4,236.5,61.5,250.8
03-03-2020,3634.8,116.5,119.5,244.7,62.8,257.1
04-03-2020,3590.6,114,114,225.9,63.9,250
05-03-2020,3532.6,101.7,97.2,215.6,62.9,230.3
06-03-2020,3387.6,91.6,87.6,153.3,64.4,209.5
07-03-2020,3409.3,97.3,99.1,193.9,59.9,218.8
08-03-2020,3348.7,93.8,93.2,201.1,58.2,232.1
09-03-2020,3383.2,92.2,89.9,198.2,58,230.7
10-03-2020,3084.5,69.5,69.1,173.4,45.6,223.1
11-03-2020,3216.5,78.1,77.1,170.6,53.3,205.3
12-03-2020,3391.2,91.1,92.6,193,58.8,214
13-03-2020,3434.3,92.5,100.7,206.4,61.1,207
14-03-2020,3413.1,96,103.4,209.3,58.3,213.3
15-03-2020,3316.1,89.2,95.8,205.8,54.9,214.4
16-03-2020,3494.4,95.3,105.7,205.6,59.2,232.8
17-03-2020,3586.4,96.5,111.5,213.6,60.2,240.9
18-03-2020,3604.8,102.4,115.1,215.2,60.7,249.9
19-03-2020,3593.5,103.9,116.2,216.8,60.6,256.7
20-03-2020,3565.2,105.6,117.4,210.3,63.4,263
21-03-2020,3495.1,105.7,115.1,202.4,59.1,255.7
22-03-2020,3025.3,86.3,93,178.7,46.1,240.8
23-03-2020,3113,75.0,91.9,172.6,49.3,248.7
24-03-2020,2974,69.4,85.3,172.2,46.2,242.4
25-03-2020,2777,63.1,75.8,161.8,45.3,240.8
26-03-2020,2652,66.9,74.6,128.3,44.5,241.0
27-03-2020,2592,57.5,65.6,106.4,44.6,219.1
28-03-2020,2628,56.1,64.8,123.8,42.8,221.8
29-03-2020,2639,59.8,66.6,133.2,42.3,221.0
30-03-2020,2665,62.5,67.9,141.9,43.6,221.7
31-03-2020,2705,63.6,66.5,142.2,43.1,235.6
01-04-2020,3997.9,120.2,112,204.8,72.2,283.2
02-04-2020,4050.4,118,117.3,205.2,71,308.8
03-04-2020,4087.4,121,116.8,203.5,68.3,312.5
04-04-2020,3953.8,118.4,107.8,200.7,68,301.9
05-04-2020,4070.2,118.4,119.7,208.6,76.8,321.9
06-04-2020,4064.1,110.8,126.1,211.3,80.7,331
07-04-2020,4119.5,107.8,119.6,214.8,81.7,336.1
08-04-2020,4160.4,120.7,129.5,214.9,79.9,339.8
09-04-2020,4121.9,122.4,130,214.5,79.5,331.8
10-04-2020,4085.6,129,129.4,214.2,76.9,332.7
11-04-2020,3944.4,121.1,117.6,208.6,75.5,327.5
12-04-2020,4045.4,126.4,131.4,212.6,83.6,341.6
13-04-2020,4046.9,125.6,137.6,222.8,85.8,354.5
14-04-2020,3958.2,132.7,137.5,223,85.9,358.6
15-04-2020,3920.3,126.8,141.4,223.4,88.7,372.3
16-04-2020,3942.5,123.2,122.8,209.2,86,340.5
17-04-2020,3879.9,123.1,122.6,209.2,66.4,325.1
18-04-2020,3834.7,114.9,121.7,213.5,67.6,340
19-04-2020,3989.8,127.4,136.6,216.4,79.9,347
20-04-2020,3992.1,125,128.5,208.8,69.5,352.7
21-04-2020,3910.2,117.1,124.3,205.6,64.2,328.3
22-04-2020,3823.3,118.4,132.5,210.5,64.5,297.9
23-04-2020,3809.9,103.6,123.8,214.8,64,322.1
24-04-2020,3838.3,114.6,125.3,214.3,59.7,329.1
25-04-2020,3749.6,109.5,119.5,209.3,61.1,334.3
26-04-2020,3918.1,129.6,135.3,216.3,66.3,358
27-04-2020,3970.2,130.7,145,221.6,70.8,364.1
28-04-2020,4013.3,138.5,138.2,227.4,76.1,381.9
29-04-2020,4020.9,150.8,150.5,228.3,79.1,377.5
30-04-2020,3956.8,154.9,146.9,223.6,80.1,369.6
01-05-2020,3778.5,108.3,114.1,199.2,72.3,269.6
02-05-2020,3685.5,108.2,112.4,207.2,70.2,289.7
03-05-2020,3746.5,86.9,89.3,188.5,66.2,285.9
04-05-2020,3780.3,90.2,90.9,172.9,62.9,281.8
05-05-2020,3788,99.8,108.6,186.3,67.9,264.2
06-05-2020,3765.3,104.9,106.9,179.2,69.9,272.8
07-05-2020,3707.4,112.3,109.1,192.9,67.3,261.1
08-05-2020,3773.3,120.7,120.1,209.4,73.8,304.5
09-05-2020,3634.8,128.7,125.7,215.5,77.6,317.8
10-05-2020,3071,108.7,100.6,205.7,70.0,252.2
11-05-2020,3065,115.5,109.6,205.5,69.0,216.3
12-05-2020,3248,113.4,115.4,204.6,73.3,278.9
13-05-2020,3313,123.3,121.5,204.2,75.2,313.8
14-05-2020,3320,114.1,113.1,216.0,73.8,323.3
15-05-2020,3373,120.3,120.2,221.2,73.7,340.5
16-05-2020,3409,128.9,128.5,225.7,75.1,352.4
17-05-2020,3349,134.9,128.5,221.7,77.7,363.6
18-05-2020,3397,141.8,135.5,226.6,80.4,369.4
19-05-2020,3405,143.3,134.2,232.7,83.3,370.8
20-05-2020,3375,145.4,140.4,231.0,84.1,383.9
21-05-2020,3423,160.4,142.4,234.1,86.9,384.2
22-05-2020,3569,168.2,154.4,237.9,94.5,406.2
23-05-2020,3656,171.0,157.9,245.0,98.2,418.2
24-05-2020,3675,168.0,154.5,246.9,101.2,428.4
25-05-2020,3740,176.6,163.3,251.0,104.7,426.3
26-05-2020,3775,184.5,167.9,254.8,110.0,424.6
27-05-2020,3705,182.5,168.2,262.3,112.2,395.3
28-05-2020,3541,154.8,139.3,250.6,107.7,352.2
29-05-2020,3487,135.3,109.3,237.2,90.7,338.9
30-05-2020,3306,141.6,119.8,198.2,83.4,312.2
31-05-2020,3193,126.7,96.5,187.4,73.2,284.8
01-06-2020,3246,134.3,110.4,197.8,75.8,329.8
02-06-2020,3260,140.1,118.4,202.2,82.9,350.2
03-06-2020,3210,139.6,126.7,204.7,87.1,366.9
04-06-2020,3183,146.0,125.4,202.5,86.4,343.3
05-06-2020,3164,150.7,120.8,199.1,82.4,285.3
06-06-2020,3248,143.0,128.6,207.2,82.4,326.0
07-06-2020,3220,141.7,115.5,207.0,81.6,345.5
08-06-2020,3441,157.9,133.9,222.8,90.5,386.2
09-06-2020,3618,177.5,150.5,238.1,100.5,415.4
10-06-2020,3683,206.9,158.4,245.8,106.6,432.2
11-06-2020,3597,228.4,162.8,244.4,109.2,433.4
12-06-2020,3572,236.5,172.0,244.8,115.4,435.4
13-06-2020,3548,238.6,164.0,242.5,107.1,437.5
14-06-2020,3474,245.8,162.6,237.3,103.4,426.8
15-06-2020,3640,264.6,182.5,250.0,114.4,432.2
16-06-2020,3687,273.4,192.5,263.9,117.7,424.6
17-06-2020,3694,278.8,199.8,270.5,120.7,424.3
18-06-2020,3731,281.9,207.6,279.4,121.6,426.3
19-06-2020,3767,261.6,212.2,281.8,126.9,428.0
20-06-2020,3719,268.6,195.9,265.9,107.3,400.2
21-06-2020,3549,264.2,175.5,249.2,98.5,373.0
22-06-2020,3625,249.0,180.7,255.2,102.9,391.0
23-06-2020,3734,275.2,202.3,255.6,108.1,393.8
24-06-2020,3740,258.9,203.1,242.6,106.8,390.2
25-06-2020,3703,241.6,199.2,230.5,107.3,391.1
26-06-2020,3670,256.0,203.6,234.8,108.8,392.3
27-06-2020,3707,273.0,206.8,243.3,107.5,402.4
28-06-2020,3637,278.7,210.2,258.0,113.2,397.6
29-06-2020,3689,247.5,218.8,275.0,120.6,383.9
30-06-2020,3741,279.1,218.4,262.2,117.3,411.7
01-07-2020,3835,292.6,231.2,257.6,120.1,439.7
02-07-2020,3900,301.5,236.5,272.8,126.4,454.8
03-07-2020,3889,301.4,241.4,275.0,129.1,451.3
04-07-2020,3775,271.7,233.0,267.5,120.1,435.6
05-07-2020,3304,184.1,131.5,240.1,95.8,387.9
06-07-2020,3498,252.5,183.6,235.3,106.0,392.8
07-07-2020,3564,270.1,191.5,241.8,100.4,361.5
08-07-2020,3596,232.1,177.9,243.0,99.7,397.2
09-07-2020,3635,249.0,194.8,240.7,108.5,416.4
10-07-2020,3652,258.6,214.6,255.4,116.7,414.9
11-07-2020,3550,233.2,177.4,264.5,105.5,380.7
12-07-2020,3318,127.8,143.2,253.2,97.0,395.2
13-07-2020,3596,189.8,169.8,243.5,99.6,433.7
14-07-2020,3718,238.3,199.3,256.7,117.1,443.4
15-07-2020,3698,237.5,210.7,265.3,119.1,447.6
16-07-2020,3683,250.9,214.8,261.8,117.0,456.1
17-07-2020,3748,237.5,214.0,266.7,118.5,462.2
18-07-2020,3793,252.8,207.6,269.5,114.1,454.0
19-07-2020,3617,239.5,187.8,261.3,101.0,417.8
20-07-2020,3557,197.6,174.1,249.7,97.3,403.2
21-07-2020,3453,160.3,132.8,245.8,87.3,358.4
22-07-2020,3537,188.5,134.7,229.9,83.3,362.4
23-07-2020,3595,215.5,158.4,245.2,87.6,398.0
24-07-2020,3643,231.2,179.7,229.0,96.1,421.5
25-07-2020,3638,251.0,184.1,225.4,96.3,425.2
26-07-2020,3620,263.8,186.4,231.2,98.9,435.5
27-07-2020,3883.3,278.8,204.3,252.0,112.3,467.0
28-07-2020,3931.1,292.6,218.5,267.9,118.0,445.1
29-07-2020,3809.5,291.6,212.4,274.9,111.4,389.7
30-07-2020,3724.9,230.5,170.8,261.6,101.5,399.5
31-07-2020,3784.8,245.2,183.7,245.7,106.1,404.0
01-08-2020,3709.4,239.6,187.1,242.9,98.5,406.7
02-08-2020,3637.7,234.7,186.2,242,101.6,415.3
03-08-2020,3662,256,191.9,230,105.1,431.1
04-08-2020,3697.5,261.5,200.4,252.2,113.2,432.2
05-08-2020,3620.5,272,208.2,250.1,115.7,419.4
06-08-2020,3592.9,276.9,208.8,235.2,111.7,361.8
07-08-2020,3771.3,285.9,208.3,226.3,113.3,420.6
08-08-2020,3840.2,291,215.1,223,113.7,458.6
09-08-2020,3667.4,276.9,210.7,221.6,107.3,439.4
10-08-2020,3678.3,260.7,203.1,222.8,112,444.7
11-08-2020,3688.4,253.4,202.3,206.5,113.1,438.2
12-08-2020,3611.5,263.3,200.4,225.4,111,390.5
13-08-2020,3505.6,257.7,168.6,231.9,99,349.7
14-08-2020,3520,249.2,177,221.6,97.5,374.9
15-08-2020,3367,255.2,177.4,207.8,89.4,408
16-08-2020,3342.7,261.6,182.6,216,99.2,396.3
17-08-2020,3555.3,274.4,198.1,227.1,108.5,422.5
18-08-2020,3624.9,269.6,195.7,234.4,108,425.1
19-08-2020,3479.6,238.6,164.7,216.7,95.5,369.5
20-08-2020,3338.4,193.5,141.1,208.1,87.9,368.1
21-08-2020,3322.4,183.5,149.7,208.6,90,351.9
22-08-2020,3343.4,191.1,160.1,215.5,91.6,359.2
23-08-2020,3306.3,208.5,157.8,207.3,91.4,352
24-08-2020,3499.1,234.2,172.6,205.1,96.1,387.6
25-08-2020,3633.4,240.7,181.2,194.8,97.2,416.8
26-08-2020,3679.5,251,182.6,207.3,100.5,425
27-08-2020,3626.1,245.3,191.4,219,102.3,416.6
28-08-2020,3597.6,207.1,188.1,225.7,103.2,404
29-08-2020,3603.2,206,188.2,218.3,96.7,397.9
30-08-2020,3453.5,207,175.4,195.3,90.6,383.2
31-08-2020,3595.5,211.5,173.3,174.7,93.3,413.8
01-09-2020,3658.6,226.3,185.2,180.8,97.5,439.9
02-09-2020,3660.1,236.9,194.5,190.8,102.1,428.5
03-09-2020,3711.7,234.4,201.5,194.4,108.4,434.8
04-09-2020,3781.2,201.3,196.4,185.8,110.7,451.6
05-09-2020,3790.8,194.7,185.7,185.8,104.4,455.9
06-09-2020,3631.5,190.5,162.4,173.1,96.3,438.6
07-09-2020,3764.6,213.7,182.4,193,104.2,457.2
08-09-2020,3870.3,224.7,192.4,198.2,105.9,468.7
09-09-2020,3957.4,240.9,202.5,217.3,113.1,473.2
10-09-2020,3956.2,253.4,207.8,226.8,114.3,471.9
11-09-2020,3938.5,261.4,211.7,227.3,116.7,474.4
12-09-2020,3896,260.3,213.1,245.1,112.3,479.1
13-09-2020,3724.6,261.4,205.6,246.3,110.8,473.8
14-09-2020,3823.6,266.8,216.3,260,120.5,474.4
15-09-2020,3865.4,266.3,219.3,264.3,120.5,472.3
16-09-2020,3901.7,268,220.8,270.5,123.9,472.7
17-09-2020,3871.2,272.1,218.1,263.7,124.6,473.7
18-09-2020,3917.8,270,221.9,277.1,126.5,478.5
19-09-2020,3917.2,276.7,217.2,271,123.5,479
20-09-2020,3743,276.3,205.4,259.2,116.5,477.2
21-09-2020,3763.3,275.9,212.9,263,123.9,476.3
22-09-2020,3779.6,266.3,211.1,267.3,125.2,439.1
23-09-2020,3725.5,256,203.2,267.7,122.2,395.2
24-09-2020,3736.2,254.1,198.1,266.3,119.3,349.7
25-09-2020,3770.2,240.1,199.1,267.3,116.6,376.2
26-09-2020,3643,232,190.1,254.7,106,397.5
27-09-2020,3529.9,219.7,170.4,237.5,96.6,395.5
28-09-2020,3732,220.5,183.9,245.2,104.2,405
29-09-2020,3772.1,216.8,187.3,247.7,105.4,408.4
30-09-2020,3714.3,208.6,185.7,245.7,102.4,403
01-10-2020,3703.5,195.4,183.4,247.9,100.6,403.9
02-10-2020,3626.4,190.9,164.1,243.6,87.1,396.5
03-10-2020,3708.8,194.1,172.3,245.5,91.9,405.5
04-10-2020,3616.8,185.6,162.5,239.1,85.3,394.9
05-10-2020,3719,189.9,167.2,240.2,90.3,368.1
06-10-2020,3758.4,185,169.4,245.4,89.1,335.4
07-10-2020,3816.2,179.5,172.1,246.6,90.8,394.1
08-10-2020,3793.8,156,171,244.8,90.1,390.2
09-10-2020,3809.5,157.1,169.1,249.1,89.4,385
10-10-2020,3737.5,169.1,167.9,243.1,86.7,378.7
11-10-2020,3518.1,179,157.1,229.6,81.6,365.3
12-10-2020,3611,167,163.6,241.8,86.7,376.4
13-10-2020,3648.3,163.7,170,242.7,91.2,384.1
14-10-2020,3641.7,165.5,171.7,242.7,93.1,389.5
15-10-2020,3660.1,172.8,166.7,249.3,88.9,388
16-10-2020,3690.1,162.8,163.3,242.7,84.1,376.2
17-10-2020,3665.3,152.1,162,246.9,76.5,363.2
18-10-2020,3476.3,144.6,147.6,238.6,69.7,338.5
19-10-2020,3560.5,144.7,154,244.1,75.8,335
20-10-2020,3563.3,142.8,152.5,242.3,74.6,328
21-10-2020,3524.5,137.6,150.4,240.6,76,322.6
22-10-2020,3509.4,131.6,148.5,242.2,75.9,324.9
23-10-2020,3463.6,131.8,146.2,241.3,74.4,321.2
24-10-2020,3405.1,120.5,143.1,239.5,70.8,308.3
25-10-2020,3194.4,112.1,126,233.1,62.6,292.1
26-10-2020,3299.9,113.5,130.7,238.1,70.1,290.6
27-10-2020,3398.6,118.8,136.5,241.4,68.2,289.2
28-10-2020,3437,116.9,133.7,242.4,66.6,285.1
29-10-2020,3442.7,114.3,131.3,242.3,66.7,282.9
30-10-2020,3459.9,115.7,129.8,241.5,65.8,282.3
31-10-2020,3477,114.7,128,242.6,63.2,279.1
01-11-2020,3336.4,105.9,115,236.2,59.5,273.2
02-11-2020,3470.8,107.4,123,241.3,63.4,271.5
03-11-2020,3496.3,107.4,124.6,246.6,64.7,270
04-11-2020,3463.3,107.3,122.7,244.8,64.7,269.6
05-11-2020,3411.5,109.2,121.9,245.2,62.8,264.8
06-11-2020,3435.3,112.1,123.4,248.4,65,283.9
07-11-2020,3427.2,111.7,122.4,248.5,61.6,279.2
08-11-2020,3299.2,106.8,113.6,247.8,59.8,277.1
09-11-2020,3406.2,111.4,120.4,251.9,63.2,280.3
10-11-2020,3418.8,112,122.8,250.8,63,279.4
11-11-2020,3407.5,111.3,121.6,248.4,64.4,280.1
12-11-2020,3427.1,113.9,119.3,248.2,62.8,294.9
13-11-2020,3339.6,110.1,113,244.2,61.6,296.8
14-11-2020,3009.2,88.7,91,224.2,54.4,280.7
15-11-2020,2812.2,64.8,76.3,205.9,49.5,237
16-11-2020,2873.8,83.9,84.6,208,54,205
17-11-2020,3099.5,95.9,101.2,224.9,58.2,237.1
18-11-2020,3212.9,100.3,109.2,228.2,59.7,243
19-11-2020,3265.8,101.4,110.7,230.4,61.4,238.5
20-11-2020,3290.4,100.4,111.5,231.8,61.8,244.9
21-11-2020,3270.9,101.4,111.8,233.6,59,237.4
22-11-2020,3181.4,97.4,106.3,230,58.7,237.7
23-11-2020,3273,99.6,113.3,233.8,62,240.5
24-11-2020,3332.3,102.7,120.5,236.2,62.6,245.5
25-11-2020,3294.7,105.4,121.1,236.1,64.3,247.5
26-11-2020,3178.2,110.1,117.1,224.5,61.8,243.6
27-11-2020,3220.9,113.6,122.7,231.9,63.4,250.8
28-11-2020,3231,117.7,123.8,233.3,59.8,250.4
29-11-2020,3190.9,108.6,118.1,232.7,58.1,246
30-11-2020,3304.1,117.5,123.5,235.9,60,246.2
01-12-2020,3348.9,117,126.9,240,61.2,259.1
02-12-2020,3398.6,127.4,133.3,242.6,63.3,259.7
03-12-2020,3390.2,127.6,133.7,245.2,59.9,260.6
04-12-2020,3413,130.8,132.4,251.6,63.7,263.6
05-12-2020,3393.2,131.1,132.6,250.1,61.1,264.5
06-12-2020,3260.3,126.2,119.5,245.3,58.6,255.6
07-12-2020,3355.8,127.4,127.1,248.2,61.9,259.4
08-12-2020,3393.2,126.1,132.2,252.3,62.1,264
09-12-2020,3415.7,126.6,133.1,253.4,62.6,261.9
10-12-2020,3419.6,125.4,128.7,252.2,62.6,262.5
11-12-2020,3353.9,123,126.8,241.8,60.3,261.7
12-12-2020,3277.4,106.7,118.9,242.5,58.4,258.2
13-12-2020,3212.7,111.8,114.5,239.3,59,256.4
14-12-2020,3325.2,113.5,122,237.6,63.3,271.4
15-12-2020,3408.5,116.7,126.9,245,64.8,276.9
16-12-2020,3441,117.7,130.1,246.7,69.6,287.8
17-12-2020,3477.3,123.1,132.7,246.8,71.6,288.4
18-12-2020,3531.4,123.3,136.4,251.5,75,298.9
19-12-2020,3512.5,128.6,136.8,250.9,68.1,305.7
20-12-2020,3398.8,126.4,124.9,252,64.2,309.6
21-12-2020,3517,125.5,134.1,255.9,68.9,315.3
22-12-2020,3575.5,128.4,137.1,256.5,70.1,317.6
23-12-2020,3608.5,125.2,137.6,262.4,71.1,317.7
24-12-2020,3627.6,127.4,137.3,261.8,69.7,318.3
25-12-2020,3614.8,126.5,136.1,266.6,70.6,315.9
26-12-2020,3619.8,125.6,135.7,263.4,67.4,314.9
27-12-2020,3490.6,110.4,120.4,255.7,65.1,304.8
28-12-2020,3594,118.2,129.2,258.8,69.2,306.8
29-12-2020,3641.6,124,135.6,264.2,70.6,312.1
30-12-2020,3665.9,124.7,135.9,265.9,76,316.6
31-12-2020,3626.1,120.2,133,263.9,76,308.7
01-01-2021,3548.8,124.3,127.8,264.4,77,313.6
02-01-2021,3535.7,116.3,123.9,258.3,70.5,304.6
03-01-2021,3380.1,108.6,110,245.4,67.9,264.2
04-01-2021,3444.7,112.6,112.3,227.2,73.2,276.8
05-01-2021,3436.6,109.5,104,215.3,70.5,278.3
06-01-2021,3456.6,113.1,114.6,223.1,71.6,274.2
07-01-2021,3453.5,116.1,118,230.6,70.6,280.7
08-01-2021,3471.5,117.7,120.3,235,73.8,281.1
09-01-2021,3420.2,120,119.8,231.5,68.3,273.3
10-01-2021,3355.9,114.1,109.6,230.2,67.9,274.3
11-01-2021,3514.7,120.6,120.8,241.7,74.6,286.4
12-01-2021,3573.4,122.7,126.8,247.8,76,294.5
13-01-2021,3575.8,121.4,128.9,246.6,76.6,300.3
14-01-2021,3434.5,123.2,129.3,244.1,77.5,302.2
15-01-2021,3461.4,124.3,128.8,251.2,77.2,300.6
16-01-2021,3547,121.9,130.8,256.4,72.5,295.1
17-01-2021,3510.3,118.6,119.2,254,74,295.5
18-01-2021,3635.2,122.3,129.1,249.4,76.2,299.2
19-01-2021,3705.8,128.4,134.8,257.3,75.6,300.7
20-01-2021,3754.6,133.1,135.4,266.1,76.7,301
21-01-2021,3761.9,131.2,134.2,263.8,73.3,301.2
22-01-2021,3811,128,136.7,265.6,77.1,310.3
23-01-2021,3794.9,130.2,135,266.2,72.4,306.5
24-01-2021,3681.5,124.2,127.3,262.7,72.9,303.3
25-01-2021,3728.7,127.5,132.3,263,75.1,303.8
26-01-2021,3590.1,119,118.7,261.9,62.6,312.5
27-01-2021,3722.9,130.8,133.8,264.2,72.3,307.4
28-01-2021,3794.8,135.6,140.9,267.1,74.6,317.2
29-01-2021,3814.8,134.2,143.3,269.2,74.2,319
30-01-2021,3812.6,140.6,142.7,268.4,71.6,318.9
31-01-2021,3706.2,142.4,130.4,262.7,68.3,311.3
01-02-2021,3779.5,140.6,139.3,266.1,69.7,312.5
02-02-2021,3812.7,142.2,141.3,268.1,69.3,311.5
03-02-2021,3808.8,135.1,141,269.7,68.4,306.2
04-02-2021,3740.4,120.8,125.7,267.9,68.6,279.5
05-02-2021,3756.6,129.2,130,267.9,70.4,276.4
06-02-2021,3744.6,134.5,132.8,266.5,64.1,280.5
07-02-2021,3619.7,125.7,120.8,264.5,63,284.5
08-02-2021,3739.7,130.5,131,266.3,66,290.4
09-02-2021,3795,132.2,135.2,269,65.7,291.9
10-02-2021,3790.2,133.3,136.5,271.5,65.5,290.9
11-02-2021,3773.6,133.7,135.2,262.7,65,289.3
12-02-2021,3785.7,134.1,135.7,268.8,66.4,291.7
13-02-2021,3758.1,129.3,132.2,268.2,61.4,283.6
14-02-2021,3648.2,118.8,121.5,262.5,59,280.2
15-02-2021,3756.1,123.1,129.2,264.9,61.6,283.1
16-02-2021,3749,126.8,132.8,263.5,62.7,279.1
17-02-2021,3717.1,125.5,132.7,264,62.1,282.8
18-02-2021,3698.5,124.9,133.8,259.7,62.5,283.1
19-02-2021,3645.9,126,133.8,262.3,64.7,290
20-02-2021,3616.8,126,131.2,261.1,59.5,285.7
21-02-2021,3484.1,121.5,120.2,257.1,58.4,281.9
22-02-2021,3629.9,124.7,129,258.9,60.8,284.5
23-02-2021,3722,127.6,134.8,260.6,62.1,289.8
24-02-2021,3790.5,126,137,261.4,62.8,293.9
25-02-2021,3839.6,131.1,137,259.1,62.3,295.9
26-02-2021,3890.3,135.6,141.9,262.6,65.4,299.4
27-02-2021,3876.6,129.1,137,265,61.3,302
28-02-2021,3773.2,123,126,255.8,59.2,303
01-03-2021,3898.1,131.5,134.7,264.4,62.1,307.8
02-03-2021,3948.4,141.5,134.8,264.6,61.8,295.9
03-03-2021,3941.5,142.9,137.9,264.8,62.8,304.3
04-03-2021,3960.2,143.8,143.3,263.6,62.6,313.4
05-03-2021,4008.8,144.2,141.1,263.4,65.4,311.9
06-03-2021,3996.9,141.5,138.7,262,61.1,311.5
07-03-2021,3849.5,118.4,121.8,256.6,59.9,310.3
08-03-2021,3976.4,117.3,131.1,257.7,65.4,310.6
09-03-2021,4062,131.5,135.5,259.1,68.1,327.1
10-03-2021,4064.6,137.2,138.5,256.2,67.9,331.9
11-03-2021,4051.7,141.2,142,255.5,69.2,338.8
12-03-2021,3917.1,121.8,124.4,242,69,301.6
13-03-2021,3826.4,124.9,127.1,238.1,63.9,301.7
14-03-2021,3812.3,135.3,123.5,239.2,63,309.1
15-03-2021,3978.5,139.3,134.4,243.1,68.5,321.6
16-03-2021,4058.9,138.9,137.8,245.6,69.1,325.4
17-03-2021,4099.3,139.9,137,245.1,70.4,330.1
18-03-2021,4090,133.1,140.7,236.8,70,339.7
19-03-2021,4044.9,129.5,142.2,232.7,73.5,340.2
20-03-2021,4033.1,148.7,140.8,236.2,69.9,338.8
21-03-2021,3905.4,147.2,126,227.2,67,333.6
22-03-2021,3961.6,111.3,119.3,216.2,72.8,323.9
23-03-2021,3925.1,99.7,114.7,196.3,71.2,298.5
24-03-2021,4000,119.1,122.5,203.9,70.2,303.5
25-03-2021,4059.6,123.3,125.7,212,70,326.3
26-03-2021,4062.6,125.2,123.9,210.1,69.2,320.2
27-03-2021,4068.8,130.5,125.7,208.1,68.2,324.5
28-03-2021,3931.1,133.2,112.7,199.7,65,321.3
29-03-2021,3683.1,109.7,91.9,178.2,56.3,318.7
30-03-2021,3832.3,116.4,102.2,175.9,70.2,299.6
31-03-2021,3997.5,126.4,112.8,203.4,73.6,295.3
01-04-2021,3997.9,120.2,112,204.8,72.2,283.2
02-04-2021,4050.4,118,117.3,205.2,71,308.8
03-04-2021,4087.4,121,116.8,203.5,68.3,312.5
04-04-2021,3953.8,118.4,107.8,200.7,68,301.9
05-04-2021,4070.2,118.4,119.7,208.6,76.8,321.9
06-04-2021,4064.1,110.8,126.1,211.3,80.7,331
07-04-2021,4119.5,107.8,119.6,214.8,81.7,336.1
08-04-2021,4160.4,120.7,129.5,214.9,79.9,339.8
09-04-2021,4121.9,122.4,130,214.5,79.5,331.8
10-04-2021,4085.6,129,129.4,214.2,76.9,332.7
11-04-2021,3944.4,121.1,117.6,208.6,75.5,327.5
12-04-2021,4045.4,126.4,131.4,212.6,83.6,341.6
13-04-2021,4046.9,125.6,137.6,222.8,85.8,354.5
14-04-2021,3958.2,132.7,137.5,223,85.9,358.6
15-04-2021,3920.3,126.8,141.4,223.4,88.7,372.3
16-04-2021,3942.5,123.2,122.8,209.2,86,340.5
17-04-2021,3879.9,123.1,122.6,209.2,66.4,325.1
18-04-2021,3834.7,114.9,121.7,213.5,67.6,340
19-04-2021,3989.8,127.4,136.6,216.4,79.9,347
20-04-2021,3992.1,125,128.5,208.8,69.5,352.7
21-04-2021,3910.2,117.1,124.3,205.6,64.2,328.3
22-04-2021,3823.3,118.4,132.5,210.5,64.5,297.9
23-04-2021,3809.9,103.6,123.8,214.8,64,322.1
24-04-2021,3838.3,114.6,125.3,214.3,59.7,329.1
25-04-2021,3749.6,109.5,119.5,209.3,61.1,334.3
26-04-2021,3918.1,129.6,135.3,216.3,66.3,358
27-04-2021,3970.2,130.7,145,221.6,70.8,364.1
28-04-2021,4013.3,138.5,138.2,227.4,76.1,381.9
29-04-2021,4020.9,150.8,150.5,228.3,79.1,377.5
30-04-2021,3956.8,154.9,146.9,223.6,80.1,369.6
01-05-2021,3778.5,155.9,145.1,217.5,79.7,384.8
02-05-2021,3685.5,150.3,137.3,213.2,80,365.7
03-05-2021,3746.5,151.9,144.4,221.2,81.9,352.4
04-05-2021,3780.3,148,149.8,226.1,83.9,369.3
05-05-2021,3788,146.9,149,227.7,84.6,365.3
06-05-2021,3765.3,146.2,134.4,220.9,80.5,357.3
07-05-2021,3707.4,140.1,125.3,220.4,72.8,331.5
08-05-2021,3773.3,147.1,139.5,228.2,74.3,366.3
09-05-2021,3634.8,136,132.3,222.4,75.6,351
10-05-2021,3681.2,145.5,134.5,223.2,74.6,344.8
11-05-2021,3672.7,146.8,134.1,218.1,77.9,362.1
12-05-2021,3587.3,140.9,132.8,211.1,77.7,340.1
13-05-2021,3505.6,127.3,125.3,207.7,71.6,310.5
14-05-2021,3570.7,137.2,132.2,216.6,73,343.6
15-05-2021,3564.8,137.2,131.8,217.7,72.8,355.4
16-05-2021,3420.1,138.3,129.2,222.4,73.6,372.9
17-05-2021,3455.1,151.6,145.1,221.1,79.3,380.8
18-05-2021,3300.5,154.2,142.4,174.5,74.1,330.1
19-05-2021,3150.5,151.2,103.7,130,60.6,236.2
20-05-2021,3185.1,156.5,102.3,158.1,55.2,211
21-05-2021,3280,137.9,104.1,183.7,58.9,265.3
22-05-2021,3365.6,155.2,108.3,176.2,58.4,289.4
23-05-2021,3379,137.9,110.5,181.2,60.4,323.5
24-05-2021,3500.8,141,119.8,212.9,62.9,330.7
25-05-2021,3500.9,154.1,135.9,223.8,69.2,340.6
26-05-2021,3474.4,163.1,147.7,230.5,70.4,372.9
27-05-2021,3505.8,172.1,156.1,235.2,81.6,361.5
28-05-2021,3632.2,176.3,163.7,238.4,88.7,337
29-05-2021,3729.6,177.3,163.1,242.1,86.1,348
30-05-2021,3610,167.8,127.6,230.8,83.7,353.5
31-05-2021,3752.7,159.8,144.4,242.7,90,402.6
01-06-2021,3534.4,131,104.6,219.3,75.3,312.4
02-06-2021,3629.3,151.1,135.1,210.3,81.8,371.6
03-06-2021,3628.9,144.3,140,204.8,88.3,399.8
04-06-2021,3676.9,144.4,145.8,230.8,91.3,405.5
05-06-2021,3594.6,156,141.4,218.1,82.1,404.5
06-06-2021,3783,176,168.1,243.8,104.2,442.2
07-06-2021,3783,176,168.1,243.8,104.2,442.2
08-06-2021,3903.9,195.6,183.3,255.2,113.7,448
09-06-2021,3934.7,219.5,197.4,267.6,122.8,456
10-06-2021,3906,229.1,194,267.7,128.6,416.4
11-06-2021,3814.6,222.1,171,273.4,114.2,391.3
12-06-2021,3770.8,237.3,178.5,271,110.2,369
13-06-2021,3587.4,206.3,143.5,247.6,97.3,360.3
14-06-2021,3788.2,239.1,180.8,253.7,110.2,373.6
15-06-2021,3799.3,243.2,175.8,238.4,113.2,369.9
16-06-2021,3772.3,242.7,177.9,229.1,107.7,373.7
17-06-2021,3776.4,255.4,189.1,239.2,108.5,374.8
18-06-2021,3766.2,261.8,195.3,243.3,109,353.4
19-06-2021,3682.4,268.6,196,237.2,102.8,328.5
20-06-2021,3585.1,263.3,185.5,223.9,97.3,326.5
21-06-2021,3866.5,274,206.4,221.4,110.9,378
22-06-2021,4047.2,289.5,221.1,238.1,117.3,419.8
23-06-2021,4116.4,285.7,232,253.8,123.7,433.3
24-06-2021,4046.2,283.1,223.8,251.7,125.6,410.4
25-06-2021,4076.5,302.4,224.7,244.7,117.3,402.1
26-06-2021,4048.7,275.9,217.4,244.1,112.2,411.5
27-06-2021,3925.6,285.7,218.9,240.6,114.3,425.8
28-06-2021,4133.7,293,238.5,257.3,128.9,458.5
29-06-2021,4301.4,296.3,248.6,274.6,132.4,476.8
30-06-2021,4384.5,297.9,251.7,281.4,135.9,485.6
01-07-2021,4321,306.1,257.7,286.1,141.8,486.5
02-07-2021,4287.4,304.6,258,289.6,141,480.5
03-07-2021,4220.3,267.9,221.4,281.9,119.1,451.7
04-07-2021,4191.9,297.6,221.9,269.7,114.1,462.5
05-07-2021,4336.5,301.7,243.4,275.7,127.5,482.5
06-07-2021,4470.1,300.7,255.4,283.4,134.7,505.3
07-07-2021,4508.1,292.9,266.2,294.7,142.3,514.5
08-07-2021,4360,293,265,298.9,141.9,490.2
09-07-2021,4309.8,289.4,257.5,298.5,135.9,480.2
10-07-2021,4278.6,289.4,265.9,296.4,135,503.5
11-07-2021,4035.2,287.5,245.3,276.1,131.8,472.6
12-07-2021,4038,246.6,241.2,262.1,129.8,475.3
13-07-2021,4034.4,243.7,212.8,258.2,119.9,482.5
14-07-2021,3976.2,258.7,185.4,247.8,108.3,466.6
15-07-2021,4024.2,276,182.5,249.7,111.9,485.8
16-07-2021,4198.2,291.6,208.3,269.2,125.9,504.7
17-07-2021,4237.5,296.6,233.4,285.8,129.3,489.7
18-07-2021,3932.4,299.4,209.3,260.3,120.6,417.2
19-07-2021,3851.3,286.5,150.2,244,100.8,373.9
20-07-2021,3782,206.7,152.8,250.9,98.2,382.1
21-07-2021,3741.7,202.5,165.8,258.6,100.2,396.2
22-07-2021,3804.6,241.3,179.2,263.5,110.7,406.6
23-07-2021,3887.7,260,188.7,257.9,113.5,437.7
24-07-2021,3896.7,272.2,202.5,258.8,113.4,440.5
25-07-2021,3869.8,286,201,255.2,116.3,457.6
26-07-2021,4012,276.6,211.3,253.7,123.7,475.8
27-07-2021,3958.7,264.2,198.7,241.3,113.7,437.9
28-07-2021,3746.6,186.9,151.9,227.5,102.4,363.2
29-07-2021,3725.3,169,152.4,221.1,101.4,376.3
30-07-2021,3728.4,197,151.4,219.4,101.9,375.8
31-07-2021,3740.6,221.3,163.2,204.8,100.3,379
01-08-2021,3621.3,231.6,154.9,201.1,96.4,329
02-08-2021,3851.9,244.4,172.7,206.7,104.8,377.7
03-08-2021,3958.9,236.7,181.4,207.9,107.4,404
04-08-2021,4039.7,240,190.7,213.5,109.2,426.6
05-08-2021,4155.9,245.4,196.5,224.8,115,437.7
06-08-2021,4213,241.2,201.1,234.6,118.9,453.7
07-08-2021,4239.2,252.1,203.1,236,112.1,445.5
08-08-2021,4095.3,259.8,180.5,231.5,101.1,422.6
09-08-2021,4245.8,253.4,194,244.3,105.3,403
10-08-2021,4325.7,274.9,207.4,255.2,111.7,404.5
11-08-2021,4377.1,283.6,220.2,265.3,116.6,416.8
12-08-2021,4427.4,288.5,226.3,270.5,119.9,425.6
13-08-2021,4455.5,294,232,278.4,122,447.6
14-08-2021,4440.7,303.6,231.8,283.6,117.6,453.2
15-08-2021,4260.2,291.3,214.7,283.3,107.2,483.3
16-08-2021,4371.6,298.7,231.7,285.3,124.5,474.9
17-08-2021,4424.8,300.4,245.1,298.6,133.9,494.8
18-08-2021,4383.9,303,251.1,308,134.6,500.8
19-08-2021,4364.6,300.9,252.2,310.8,135,481.4
20-08-2021,4204.7,298.3,229.2,300.4,116.3,395.9
21-08-2021,4014.1,284.2,173.6,280.7,101.4,360.3
22-08-2021,3733.2,207.3,152.5,245.4,95,385.6
23-08-2021,3988.2,213.1,174.2,254.8,110.5,406.4
24-08-2021,4208,244.3,198,280.3,119.9,407.2
25-08-2021,4291.6,257.9,206.7,289.8,118.8,405.9
26-08-2021,4294.1,270.9,219.4,289.1,117.1,414.3
27-08-2021,4271.8,270.3,225.3,276.4,117.9,417
28-08-2021,4217.5,269.5,227.2,287.6,114.7,424.3
29-08-2021,4032.4,270.4,214.1,299.5,109.2,418.3
30-08-2021,4026.8,275.5,210.4,286.4,105.9,422.9
31-08-2021,3980.9,280.5,204.1,270,104.6,398.7
01-09-2021,3948.6,277.8,179.8,245.3,92.2,401.3
02-09-2021,3985,273.2,181.8,235.6,95.9,419.6
03-09-2021,3947.8,246.3,172.8,222.2,102.7,422.1
04-09-2021,3900.5,235.9,160.8,234.8,97.9,408.8
05-09-2021,3794.9,241.8,160.6,241.7,96.4,421.2
06-09-2021,3954.3,256.3,185.8,251.3,111.9,451.9
07-09-2021,3885.6,255.7,188.4,261,114.1,430.5
08-09-2021,3913.7,255.8,183.4,264.5,109.1,423.4
09-09-2021,3976.6,254.1,191.2,259.4,109.5,433.3
10-09-2021,3866,222.1,179.5,235.2,107.7,422.5
11-09-2021,3686.8,173.6,143.4,198.9,89.3,383.8
12-09-2021,3565.7,147.4,128,185.4,85.2,397.4
13-09-2021,3711.4,167.2,142.3,201.4,95.2,412.1
14-09-2021,3673.1,186,151,200,97.1,365.1
15-09-2021,3731.9,207.2,161.7,207.5,101.3,326.4
16-09-2021,3744.2,214.2,163.1,218,97.5,270.4
17-09-2021,3744.2,214.2,163.1,218,97.5,270.4
18-09-2021,3858.2,235.8,162.2,220.5,91.2,334.3
19-09-2021,3853.4,253.6,163.9,215.2,93,373.4
20-09-2021,3995.3,257.4,186.4,224.7,106.5,407.9
21-09-2021,3930.6,228.4,189,219.7,108.4,413.5
22-09-2021,3795.1,206.7,156.7,193,100.3,380.6
23-09-2021,3728.7,161.6,140.9,187.6,98.9,367
24-09-2021,3729.1,160.2,140.3,189.2,97.6,346.4
25-09-2021,3792.1,173.7,149,201,94.5,349.5
26-09-2021,3648.9,180.9,140.5,199.9,90.2,357.4
27-09-2021,4026.8,275.5,210.4,286.4,105.9,422.9
28-09-2021,3980.9,280.5,204.1,270,104.6,398.7
29-09-2021,3948.6,277.8,179.8,245.3,92.2,401.3
30-09-2021,3985,273.2,181.8,235.6,95.9,419.6
01-10-2021,3947.8,246.3,172.8,222.2,102.7,422.1
02-10-2021,3900.5,235.9,160.8,234.8,97.9,408.8
03-10-2021,3794.9,241.8,160.6,241.7,96.4,421.2
04-10-2021,3824.3,193.2,181.1,231.7,111,371.3
05-10-2021,3830.1,183.5,177.1,223,112.4,382
06-10-2021,3844.9,185.6,177.7,223.2,111,386.8
07-10-2021,3886.8,193.3,170.8,216.2,107,381.6
08-10-2021,3899.6,190.6,184,221.8,103.8,371.9
09-10-2021,3828,170.8,171.8,236,96.9,385.7
10-10-2021,3771.9,179.6,160,247.9,94.2,400.6
11-10-2021,3890.3,179.1,171.5,239.6,101.9,407.2
12-10-2021,3918.4,186.5,175.2,240.8,101.5,413.4
13-10-2021,3904.1,195.3,167.1,240.5,95.4,392.6
14-10-2021,3838.5,179,156.8,241.6,89,393.1
15-10-2021,3683.4,177.2,140.9,238.5,78.3,370.9
16-10-2021,3711.9,161.2,145.4,230.5,84.5,389.7
17-10-2021,3561.5,151.5,132.7,236.4,80.1,335.9
18-10-2021,3536.7,145.4,124.7,216.1,75.4,283.8
19-10-2021,3581.1,147.8,133.6,222.4,72.5,279.9
20-10-2021,3640.1,149,142.7,223.2,75,298.4
21-10-2021,3640.3,144.9,141.9,223.6,72.7,298.1
22-10-2021,3687.7,140.4,141.5,227.2,74.2,288.7
23-10-2021,3622.5,132.8,138.9,229.4,73.3,287.9
24-10-2021,3426.1,97.2,116.7,209.9,68.5,276.6
25-10-2021,3528.5,110.9,118.8,214.9,68.9,274.9
26-10-2021,3605,117.1,127.3,219.6,68.2,274.7
27-10-2021,3591.4,116.5,125.1,222.2,66.6,266.3
28-10-2021,3580.6,115.5,123.9,224.9,65,261.9
29-10-2021,3554.6,116.3,124.5,227.3,66.3,263.1
30-10-2021,3492.8,115.6,122,226.9,61.3,260.4
31-10-2021,3381.3,111.1,111,226.6,60.9,254.8
01-11-2021,3424.7,114.8,119.5,230.1,65.4,259.5
02-11-2021,3457.9,115.8,121.3,231.9,65.3,274.5
03-11-2021,3392.7,117.6,115.5,229.8,63,276.5
04-11-2021,3070.6,92.6,91.2,212.1,55.7,267
05-11-2021,2946.9,79.2,84.5,198.9,51.8,241.2
06-11-2021,3070.4,101.6,95.8,211.6,52,241.5
07-11-2021,3091.2,105.2,99.5,223.5,54.8,242.4
08-11-2021,3260.9,110.5,111.3,230.7,60,256.8
09-11-2021,3371,113.7,116.1,242.7,62.7,266.1
10-11-2021,3402.1,113.5,116,249.3,60.8,267.8
11-11-2021,3359.5,114,116.4,252.4,61.4,268.1
12-11-2021,3407,116.5,117,254.5,62.7,270.4
13-11-2021,3408.7,115.4,116,252.9,58.8,265.6
14-11-2021,3324.7,109.4,104.9,248,57.7,272.4
15-11-2021,3432.3,109.7,113.2,253.4,60.9,266
16-11-2021,3467.2,113.7,116.7,251.6,60.6,280
17-11-2021,3457.9,114.1,117.3,253.3,63.5,277.8
18-11-2021,3410.6,113.5,117.9,241.9,62.2,276.6
19-11-2021,3328.1,110.5,118.3,229.5,61.8,276.4
20-11-2021,3340.7,113.3,140.8,229.4,58.1,270.2
21-11-2021,3207.6,105.6,107.3,230.6,59,266.7
22-11-2021,3355.1,112.5,115,235.6,60.9,274.1
23-11-2021,3434,116.2,121,231.9,61.9,281.6
24-11-2021,3464.6,118.6,123.7,245.1,62.2,282.8
25-11-2021,3473.1,118.4,123.5,243.6,62.3,287.3
26-11-2021,3486.5,119.5,126.1,249.8,64,287.4
27-11-2021,3458.5,119.8,125.7,251.7,60.4,285.9
28-11-2021,3309.9,117.5,114.7,250.3,58.8,277
29-11-2021,3390.7,120.7,123.5,251.9,61.7,280
30-11-2021,3418.4,123.6,126.1,254.1,62.5,282.6
01-12-2021,3353.7,126.1,125.5,247.1,63.1,280.4
02-12-2021,3280.5,122.1,125.8,244.8,63.3,274.5
03-12-2021,3338.3,116.5,124.1,249.8,64.2,272.7
04-12-2021,3356.5,123,124.9,248.5,60.8,270.5
05-12-2021,3289.4,133.4,113.1,255.4,58.9,276.3
06-12-2021,3422.8,136.8,120.6,257.5,62.2,284.3
07-12-2021,3505.2,145.1,127.9,261.8,63.8,293.1
08-12-2021,3546.7,147.5,130,262.4,64.3,292.7
09-12-2021,3570.2,145.1,129.2,265.6,64.4,294.9
10-12-2021,3573.3,141.8,129.6,267.9,66,293.6
11-12-2021,3554.8,138,126.2,267.6,63.3,288.6
12-12-2021,3414.9,128.7,115.6,265.5,60.1,273.4
13-12-2021,3532.3,135,126.7,264.8,64.9,285.1
14-12-2021,3591.1,135.4,133.5,269.9,64,295.1
15-12-2021,3602.2,131.9,134.3,270.6,66.3,301
16-12-2021,3629.3,133.4,133.8,271.2,67,300.6
17-12-2021,3647.9,135.7,134.4,271.6,69.3,299.2
18-12-2021,3629.5,140.1,134.9,271.9,66.8,306.7
19-12-2021,3481.2,129.5,125.4,268,63.9,306.6
20-12-2021,3634.3,135.3,134.2,274.9,72.1,319.6
21-12-2021,3713.8,136.3,137.9,280,72.4,323.2
22-12-2021,3735.5,136,139,277.4,71.9,324.6
23-12-2021,3761.5,130.2,136.2,281.2,72,323.1
24-12-2021,3788.2,129.9,135.8,287.5,73.3,321.5
25-12-2021,3720.8,127.4,133.2,285.2,68,313.7
26-12-2021,3578.8,118.1,117,267.3,64.7,308
27-12-2021,3665.3,121,115.8,257.4,67.5,305.5
28-12-2021,3591.5,125.8,128.2,247.9,70.7,297.3
29-12-2021,3552.9,127.4,130,256.4,70.1,278.2
30-12-2021,3623.1,129,129.1,257.9,69.5,302.7
31-12-2021,3655.3,132.1,129.4,265.1,74,315.8
01-01-2022,3588.5,131.6,127.4,267.5,70.5,318.2
02-01-2022,3481.9,119.2,117.1,258.1,66.3,297.8
03-01-2022,3665,123.4,128,262.5,71.8,310.9
04-01-2022,3725.9,120.7,129.8,267.2,70,312.2
05-01-2022,3656,114.3,118.2,215.9,73.4,313.9
06-01-2022,3580.1,113.9,113.7,207,71.2,280.9
07-01-2022,3592.5,117.1,119.3,208.8,72,294.5
08-01-2022,3453.6,103,97.3,192,58,274.2
09-01-2022,3359,109.6,98.4,203.9,59.9,273.7
10-01-2022,3512.8,119.2,111.3,219.3,72.4,292.3
11-01-2022,3564.9,122.2,117.8,230.6,73.6,298.6
12-01-2022,3564.5,122.7,119.4,240.6,73.1,297.8
13-01-2022,3573.6,121.9,119.3,244.5,75.3,304.4
14-01-2022,3474.4,124.4,121,243.7,79.5,315.6
15-01-2022,3443,124.6,122.1,247.4,66.9,313.4
16-01-2022,3407.1,117.2,111.1,247.9,66.4,310.9
17-01-2022,3624.2,124,123,257.8,78,322.4
18-01-2022,3712.6,122.5,127.1,260.9,79.8,335.7
19-01-2022,3754.5,118.8,128.6,267.1,79.6,340.5
20-01-2022,3789.4,129.3,125.8,269.2,77.7,334
21-01-2022,3811.7,128.8,127.1,267.5,79.1,333.1
22-01-2022,3645.9,110.9,104.7,243.4,67,292.2
23-01-2022,3537.1,110.9,104.7,243.4,67,292.2
24-01-2022,3733.5,126.1,117.9,254.2,78.1,309.6
25-01-2022,3793.9,128.5,123.3,259,80.7,324.2
26-01-2022,3618.1,114.7,105.8,260.5,69.2,332.5
27-01-2022,3738.4,121.4,116.5,268.1,75.8,325.1
28-01-2022,3834.5,122.7,122.9,275.9,78.4,328.3
29-01-2022,3817.3,121,124.6,278.1,71.8,322.7
30-01-2022,3722.9,111.5,113.6,276.8,68.6,312.9
31-01-2022,3855.2,118.1,120.9,276.6,71.6,329.3
01-02-2022,3876.6,123.8,125.9,275.8,73.5,325.1
02-02-2022,3904.2,126.1,125.6,280,73.4,327.6
03-02-2022,3837.1,119.8,119,278.3,76.1,289.1
04-02-2022,3826.7,124.8,125.8,282.1,77.4,304
05-02-2022,3860.3,121.5,128.8,277,72.7,317.1
06-02-2022,3748.1,112.2,114.9,276.4,67.5,311.3
07-02-2022,3874.5,116.8,123.4,278.9,69.2,315.7
08-02-2022,3936.1,116.9,125.4,282.8,69.6,315.9
09-02-2022,3899.8,118.2,120.3,266.6,69,308.6
10-02-2022,3889.5,118.5,124.8,272.8,67.8,305.8
11-02-2022,3892.4,120.5,125.9,278.7,69.3,306
12-02-2022,3865.8,120.3,125.9,276.8,64.1,308.3
13-02-2022,3765,110.6,114.5,274.3,61.5,308.2
14-02-2022,3874.9,124.5,126.2,277.1,65.1,315.1
15-02-2022,3921.8,126.3,130.4,280,65.4,312.3
16-02-2022,3953.8,130,131.8,281.7,65.6,311.8
17-02-2022,3945,131.2,131.4,279.3,64.3,307.3
18-02-2022,3974.4,137.4,131.8,280.3,65.6,309.6
19-02-2022,3948.5,138.2,130.2,278.5,61,315.2
20-02-2022,3802.3,124.7,118.2,273.1,59.4,298.1
21-02-2022,3936.1,134.1,129.2,277,61.4,306
22-02-2022,4002.9,126.2,127.4,269.9,63.2,307.5
23-02-2022,3996.7,126.8,126.1,282.6,65.1,303.6
24-02-2022,4040.4,139.2,129.6,281.3,64.4,309.7
25-02-2022,4042.5,138.8,129.4,281.4,65.5,312.4
26-02-2022,3961,117.5,110.7,275,61.8,283.5
27-02-2022,3869.5,123.4,106.3,273.2,59,290.9
28-02-2022,4002.5,133.9,121,274.1,63.1,294.1
01-03-2022,4008.4,134.3,126.9,277.5,61,299.2
02-03-2022,4014.4,135.6,130.7,265.1,63.2,309.4
03-03-2022,4051.4,135.3,127.8,270.7,64.9,312.4
04-03-2022,4079.2,138.3,131.3,272.8,65.3,312.1
05-03-2022,4072.1,140.6,133.1,270.2,60.4,307.4
06-03-2022,3955.4,131.8,122.2,266.5,59.9,309.5
07-03-2022,4056.1,129.9,130.5,269.3,63.9,315.1
08-03-2022,4105.2,144.7,139.2,269.2,65.6,317.5
09-03-2022,4117.5,153.4,141.8,260.1,63.3,324.5
10-03-2022,4132.4,152.4,138.9,260.7,65.8,326.8
11-03-2022,4174.3,152.6,141.3,261.3,67,331.2
12-03-2022,4150.2,150.1,138,266.6,63.8,334.7
13-03-2022,4053.3,147.1,130.4,263.4,62.4,333.5
14-03-2022,4056.1,129.9,130.5,269.3,63.9,315.1
15-03-2022,4105.2,144.7,139.2,269.2,65.6,317.5
16-03-2022,4117.5,153.4,141.8,260.1,63.3,324.5
17-03-2022,4132.4,152.4,138.9,260.7,65.8,326.8
18-03-2022,4174.3,152.6,141.3,261.3,67,331.2
19-03-2022,4150.2,150.1,138,266.6,63.8,334.7
20-03-2022,4053.3,147.1,130.4,263.4,62.4,333.5
21-03-2022,4320,151.7,137.3,262.5,83.8,386.3
22-03-2022,4337.8,147.6,140.3,265.6,83.8,383.6
23-03-2022,4344.2,153.9,142,254.3,83.6,377.1
24-03-2022,4329.1,149.6,136.5,245.1,83.9,393.1
25-03-2022,4311.7,158.3,132.4,231.5,85,389.8
26-03-2022,4269.9,126,139.7,250.8,84.9,359.8
27-03-2022,4191.5,151.5,130.7,249.6,77.4,366.8
28-03-2022,4329.5,155.6,140.8,251.3,84.7,388.7
29-03-2022,4430.5,152.1,144.2,255.8,89.1,394.9
30-03-2022,4437.8,152.7,146,255.4,92.6,402.4
31-03-2022,4456.3,152.9,145.4,254.4,94.9,409.3